Year,Team,Adj OE,Adj DE,Barthag,Wins,Games,eFG,eFG D.,FT Rate,FT Rate D,TOV%,TOV% D,O Reb%,Op OReb%,Raw T,2P %,2P % D.,3P %,3P % D.,Blk %,Blked %,Ast %,Op Ast %,3P Rate,3P Rate D,Adj. T,Avg Hgt.,Eff. Hgt.,Exp.,PAKE,PASE,Talent,FT%,Op. FT%,PPP Off.,PPP Def.,Elite SOS
2008,Kansas,122.068,86.415,0.982,36,39,56.6,44.3,36.4,31.0,19.1,22.4,37.6,29.1,68.5,55.4,41.2,39.7,32.8,16.8,6.4,61.1,52.7,29.3,38.3,66.958,77.1,81.427,2.047,2.1,2.711,89.633,70.7,68.2,1.163,0.892,32.858
2008,Memphis,117.691,86.912,0.97,38,40,52.7,43.4,40.4,31.7,16.6,22.5,37.8,29.6,70.2,52.9,42.6,34.9,30.2,15.0,8.2,55.7,49.2,35.2,28.7,68.495,77.749,80.518,1.605,1.5,1.711,82.995,61.4,68.0,1.131,0.877,25.812
2008,UCLA,116.878,87.671,0.965,34,38,52.2,46.5,37.3,25.6,19.1,21.8,39.2,27.2,65.3,52.4,45.4,34.4,32.9,10.9,6.8,54.2,50.5,28.0,27.5,64.392,77.86,81.032,1.491,1.0,0.711,78.469,73.6,68.5,1.12,0.907,33.434
2008,North Carolina,123.606,92.798,0.964,36,39,53.0,48.2,38.0,25.7,18.8,21.1,42.5,29.0,75.4,52.1,47.8,37.2,32.6,10.6,9.9,52.5,50.3,22.6,34.2,72.994,77.311,80.158,1.595,1.1,0.711,90.906,75.7,66.8,1.159,0.949,33.815
2008,Wisconsin,113.269,86.297,0.958,31,36,50.6,43.4,39.9,25.4,19.5,21.9,36.2,28.6,62.4,49.3,41.7,35.6,31.3,9.5,8.0,54.1,50.1,31.8,33.0,61.432,77.432,81.076,1.939,-0.2,0.151,82.1,70.5,68.3,1.078,0.872,29.359
2008,Louisville,112.796,87.415,0.949,27,36,53.1,44.1,36.5,33.5,20.2,21.7,33.4,30.9,67.4,53.5,43.1,35.0,30.5,13.6,7.9,58.2,57.1,38.7,34.6,65.484,77.488,81.28,1.617,0.5,1.151,83.94,64.7,68.3,1.073,0.91,31.836
2008,Duke,116.55,90.763,0.947,28,34,53.6,47.6,40.9,31.9,18.3,24.7,33.9,33.7,74.1,51.7,47.0,37.7,32.9,8.8,11.4,51.6,47.6,39.2,25.0,71.759,77.243,79.919,1.23,-1.2,-1.329,95.074,69.7,67.2,1.119,0.933,33.439
2008,Texas,121.285,94.706,0.945,30,37,51.5,45.7,32.0,31.0,14.2,17.9,36.3,33.6,65.3,48.5,43.2,38.0,33.2,14.2,7.5,48.3,56.2,34.9,38.1,63.022,75.941,80.494,1.229,0.6,0.671,81.767,68.3,68.6,1.143,0.997,35.59
2008,Georgetown,113.66,88.759,0.945,28,34,56.7,41.9,34.0,36.0,21.3,19.8,33.1,32.7,62.8,56.2,40.5,38.4,29.6,13.8,8.4,61.6,54.3,40.2,35.5,61.259,77.98,82.117,1.773,-0.9,-1.329,71.165,65.4,67.8,1.101,0.919,30.827
2008,Washington St.,114.08,90.708,0.933,26,35,53.7,46.7,38.5,28.4,17.0,21.9,27.8,29.8,59.6,53.0,45.3,36.8,33.1,8.7,8.0,59.0,49.8,33.9,32.4,58.318,77.764,81.077,2.39,0.2,0.454,24.685,72.8,72.0,1.103,0.937,32.732
2008,Stanford,113.479,90.726,0.929,28,36,49.8,44.3,39.6,32.8,18.8,17.7,39.1,29.2,64.4,48.0,42.1,36.6,33.3,13.0,6.1,58.3,45.7,27.1,28.3,63.466,78.338,82.346,1.859,0.2,0.151,64.912,69.4,66.4,1.086,0.943,33.646
2008,Marquette,114.818,91.977,0.928,24,34,50.6,46.3,37.5,41.0,18.7,23.9,38.2,33.4,68.8,49.0,46.7,35.8,30.4,10.2,9.1,56.4,54.7,33.6,31.1,66.875,75.845,79.778,1.839,-0.5,-0.059,55.941,70.5,67.9,1.097,0.936,32.087
2008,Clemson,113.904,91.326,0.927,23,33,51.9,48.1,30.6,33.8,20.3,24.6,39.8,36.4,70.9,49.7,49.0,37.5,30.4,13.3,8.4,53.3,48.5,33.3,28.6,67.885,77.279,79.903,1.663,-1.4,-1.158,48.799,62.2,71.7,1.088,0.961,32.281
2008,Davidson,115.432,92.571,0.927,28,35,54.1,49.3,26.3,37.3,17.3,24.3,32.4,28.5,68.1,54.1,47.0,36.1,35.5,9.3,7.0,59.1,51.6,40.6,37.8,66.757,77.371,79.794,1.996,1.6,2.388,18.502,72.6,63.5,1.125,0.93,23.318
2008,Tennessee,115.349,92.519,0.927,30,35,52.4,49.1,38.0,39.6,18.2,24.7,36.2,34.6,72.8,51.5,50.3,35.8,31.2,8.9,10.9,61.1,55.0,38.9,35.9,71.135,76.574,79.866,1.716,0.2,-0.329,57.614,65.7,67.4,1.113,0.968,32.237
2008,Xavier,116.253,94.229,0.918,30,37,54.6,47.1,42.4,31.4,19.8,19.6,35.8,30.1,65.5,52.2,45.2,39.1,33.6,9.7,11.1,60.3,58.8,36.5,36.5,64.066,76.611,80.209,2.038,1.4,1.151,13.33,74.9,67.7,1.144,0.966,25.996
2008,Michigan St.,115.346,93.579,0.917,27,36,52.6,46.0,33.5,33.1,21.1,18.9,39.5,31.6,64.6,51.6,45.6,37.1,31.1,12.3,9.8,66.5,56.1,24.4,37.2,63.64,77.042,81.197,1.61,0.7,0.842,87.079,73.7,67.1,1.102,0.969,32.422
2008,Texas A&M,112.804,92.064,0.912,24,35,52.0,44.9,41.8,26.7,19.2,17.4,35.0,28.1,64.4,51.2,42.2,35.7,33.8,10.2,10.1,53.4,48.8,30.1,31.2,62.093,78.021,80.885,1.611,0.1,0.388,61.214,63.4,66.1,1.073,0.939,32.216
2008,West Virginia,114.507,93.583,0.911,25,36,51.4,48.0,36.6,39.7,16.4,22.8,34.4,31.2,66.2,50.1,45.2,36.0,35.8,14.4,6.8,58.2,51.7,33.9,32.4,63.919,78.073,80.078,1.679,1.1,1.099,46.742,68.7,65.5,1.113,0.952,31.301
2008,Kansas St.,115.212,94.358,0.909,20,32,49.5,48.3,37.4,38.3,20.8,22.2,42.3,30.3,71.7,50.2,44.9,32.0,37.2,8.9,8.3,55.4,56.2,32.2,31.5,70.136,77.238,80.586,1.161,0.2,0.362,40.016,69.3,65.6,1.08,0.955,32.584
2008,Drake,120.017,98.627,0.905,26,31,52.6,50.4,35.2,23.9,18.0,24.1,36.7,33.1,63.5,50.5,49.5,36.7,34.5,7.6,10.5,59.6,56.4,46.1,39.4,62.761,75.719,79.587,2.241,-1.3,-1.158,2.519,76.8,67.1,1.142,0.974,21.882
2008,Purdue,110.768,91.402,0.901,25,34,49.1,49.1,37.1,42.6,19.1,26.0,33.1,30.9,66.6,45.3,47.6,37.3,34.8,12.8,9.1,56.0,55.2,35.7,31.5,66.804,77.694,80.62,0.848,-0.2,-0.059,66.368,71.2,67.0,1.038,0.931,29.495
2008,Pittsburgh,116.922,96.781,0.898,26,36,50.8,47.9,36.1,28.6,18.2,20.9,39.3,33.9,65.5,50.8,46.8,33.8,33.4,9.2,8.0,57.3,52.9,30.4,34.4,63.597,75.961,78.824,1.727,-0.2,-0.546,65.161,66.5,69.4,1.106,0.988,32.958
2008,Connecticut,115.602,95.852,0.896,24,33,50.6,44.2,48.1,23.5,19.4,17.3,39.5,34.2,69.8,49.5,40.5,36.1,34.8,19.3,8.2,56.2,52.3,24.7,32.0,67.318,78.462,83.02,1.417,-1.4,-1.546,85.537,72.0,68.0,1.102,0.977,28.928
2008,Arizona,116.145,96.41,0.895,18,33,53.9,48.7,40.4,30.4,18.6,19.0,27.8,33.4,64.9,51.2,47.5,39.6,34.5,8.8,7.8,61.9,52.8,32.1,28.2,63.608,77.029,80.331,1.403,-0.7,-0.612,85.102,74.5,70.5,1.087,1.021,39.121
2008,Gonzaga,113.418,94.147,0.895,25,33,54.5,45.7,39.7,32.1,20.7,21.6,34.6,29.7,68.4,53.7,43.8,37.5,32.7,13.0,9.0,53.7,51.1,31.9,37.2,66.665,78.557,81.738,1.584,-0.5,-0.901,73.8,71.2,64.8,1.102,0.92,22.458
2008,Notre Dame,115.367,95.988,0.892,25,33,52.2,46.6,34.0,23.0,18.3,17.5,36.2,30.7,70.8,47.8,44.8,40.5,33.5,8.8,9.1,66.5,57.0,33.6,33.2,68.857,77.364,81.067,1.735,-0.2,-0.158,80.171,73.8,64.5,1.113,0.98,28.976
2008,Butler,114.978,95.723,0.892,30,34,54.1,48.0,36.7,32.6,16.9,22.9,29.8,32.2,60.5,51.3,48.2,38.0,31.8,7.2,9.3,57.3,45.4,48.5,31.7,59.527,75.775,79.139,2.186,-0.3,0.099,11.348,73.7,66.5,1.124,0.954,17.772
2008,USC,110.075,91.76,0.89,21,33,53.3,44.8,38.7,27.9,21.9,20.0,31.1,35.0,65.9,51.5,44.1,38.7,30.7,11.5,7.3,49.9,48.4,27.8,34.7,65.727,77.758,80.623,0.639,-0.7,-1.059,65.854,68.5,68.5,1.035,0.955,36.659
2008,Indiana,114.781,95.785,0.889,25,33,52.3,47.3,41.9,31.0,20.0,19.8,36.1,29.1,67.3,52.3,45.1,34.9,34.1,10.3,8.0,52.0,56.1,34.9,35.7,66.774,77.392,80.08,1.587,-0.8,-0.724,52.71,75.9,65.0,1.104,0.961,27.854
2008,New Mexico,110.377,92.435,0.885,24,33,54.1,47.8,40.2,41.3,18.1,24.0,31.1,27.4,66.0,49.2,45.7,42.0,33.9,8.8,6.7,63.4,63.5,35.6,40.0,64.466,76.735,80.044,1.88,0.0,0.0,26.569,65.9,68.3,1.097,0.928,18.653
2008,Ohio St.,109.328,91.94,0.88,24,37,52.5,45.4,28.2,22.1,20.4,21.4,33.3,35.6,65.3,53.6,43.6,33.7,32.0,14.4,6.4,57.2,61.0,36.5,40.4,64.167,78.523,81.487,1.375,0.0,0.0,74.588,68.7,68.0,1.053,0.949,30.63
2008,Virginia Tech,106.09,89.405,0.877,21,35,48.8,46.5,39.0,33.7,20.9,21.5,34.6,29.0,68.5,48.0,44.1,33.7,34.1,13.0,10.8,53.9,53.1,28.8,33.7,65.882,77.235,79.456,1.028,0.0,0.0,44.947,68.1,68.0,1.011,0.932,27.81
2008,Mississippi St.,108.504,91.961,0.87,23,34,52.2,42.5,39.0,28.0,21.4,17.8,34.7,32.7,69.1,53.3,39.8,33.4,31.7,19.3,9.4,50.6,50.5,36.6,35.1,66.847,77.328,80.262,1.332,0.3,0.276,69.445,64.6,68.4,1.049,0.939,25.601
2008,BYU,106.707,90.796,0.865,27,35,53.2,43.2,37.3,30.5,19.5,19.1,30.6,26.4,69.9,51.6,42.8,37.3,29.5,9.6,6.0,65.3,46.9,38.8,29.7,68.486,77.758,81.128,1.659,-0.6,-0.724,34.988,65.3,70.5,1.051,0.901,21.733
2008,Nebraska,107.756,92.032,0.86,20,33,51.2,47.3,38.6,32.0,20.6,23.9,32.1,30.0,64.0,51.1,42.6,34.2,36.4,9.2,9.0,60.1,55.7,32.1,39.1,61.437,75.063,79.654,1.497,0.0,0.0,23.932,66.6,70.3,1.032,0.933,30.329
2008,Miami FL,112.255,96.028,0.858,22,33,49.2,47.0,39.2,35.4,19.0,20.6,35.1,34.0,68.6,45.7,43.7,37.9,35.6,12.1,10.3,51.1,49.4,31.0,34.1,66.01,77.031,80.051,1.832,0.2,0.099,42.138,75.2,66.8,1.07,0.987,29.738
2008,Arkansas,111.509,95.43,0.857,23,35,51.9,48.4,37.9,35.6,21.8,21.2,37.6,31.9,69.4,52.3,47.4,34.1,33.5,14.1,9.9,54.0,52.9,30.3,34.6,66.861,77.418,81.732,2.232,0.4,0.388,59.525,67.8,69.7,1.064,0.981,27.542
2008,Florida,116.056,99.756,0.851,24,36,55.3,50.0,31.2,29.1,18.6,19.8,35.6,30.0,67.6,55.7,49.5,36.3,34.0,8.1,8.1,61.1,52.3,35.5,33.1,64.824,77.091,80.709,0.619,0.0,0.0,87.222,70.1,65.9,1.144,0.997,22.704
2008,Baylor,116.59,100.534,0.846,20,31,51.9,48.3,35.9,39.5,17.2,19.4,32.0,32.9,70.9,49.6,46.5,37.3,35.1,10.2,9.9,42.7,47.1,36.5,29.9,69.983,76.527,81.574,1.742,-0.6,-0.638,52.034,74.1,70.6,1.103,1.025,29.948
2008,Oregon,118.716,102.477,0.844,18,32,55.8,50.3,36.7,34.3,18.4,16.4,32.0,31.0,67.3,53.8,50.4,39.2,33.4,6.7,10.0,55.4,53.3,39.8,35.3,66.344,76.175,79.668,1.946,-0.6,-0.612,72.871,69.4,69.1,1.124,1.065,35.278
2008,Illinois,106.748,92.181,0.844,16,35,48.8,45.8,36.5,37.2,21.5,20.3,37.0,29.9,62.4,49.2,43.3,31.9,33.5,8.1,8.9,59.6,52.8,33.0,35.5,61.644,77.732,81.276,1.712,0.0,0.0,66.285,60.8,72.0,1.002,0.962,32.817
2008,UNLV,109.594,94.848,0.84,26,34,48.6,46.3,33.3,32.4,16.2,21.6,29.1,32.3,66.2,47.8,47.0,33.2,30.1,8.7,8.4,61.4,53.8,39.8,36.6,64.546,76.523,78.859,1.999,0.4,0.276,18.883,74.8,66.7,1.047,0.939,22.71
2008,Syracuse,112.531,97.462,0.839,21,35,52.7,49.2,42.0,29.5,21.8,20.0,39.0,32.6,72.9,53.3,46.8,34.1,35.4,15.8,8.2,58.0,61.9,26.9,39.1,70.24,78.016,81.88,0.794,0.0,0.0,84.573,66.8,69.6,1.081,1.017,27.826
2008,Saint Mary's,108.214,93.843,0.837,24,31,52.4,44.8,39.0,30.7,18.9,20.9,35.5,31.4,68.6,51.6,44.1,35.8,31.3,12.1,10.3,55.3,38.6,38.0,25.9,66.675,77.097,80.766,1.76,-0.6,-0.612,18.126,66.3,69.1,1.088,0.921,18.163
2008,Villanova,108.56,94.411,0.833,22,35,49.1,51.1,38.9,46.4,20.5,23.6,36.2,31.0,69.4,47.8,48.6,34.4,36.5,9.1,12.3,53.7,57.6,34.9,40.9,67.742,77.261,80.258,0.994,1.4,1.493,61.386,72.7,68.4,1.049,1.001,31.251
2008,Oklahoma,108.156,94.232,0.83,23,35,50.1,47.0,38.7,30.3,19.7,20.2,33.4,30.2,64.8,49.0,46.0,34.8,32.6,10.7,9.0,52.5,46.9,33.6,34.7,63.448,77.981,81.253,1.669,0.3,-0.059,63.704,68.1,72.7,1.038,0.975,33.847
2008,Western Kentucky,110.477,96.414,0.827,27,34,53.6,47.2,36.0,48.8,20.2,24.9,36.7,33.4,69.4,51.1,46.2,39.0,32.9,10.6,7.1,46.1,53.0,32.7,32.2,67.959,76.545,79.573,2.066,1.4,1.493,16.148,70.8,70.3,1.104,0.954,17.003
2008,Saint Joseph's,114.564,100.131,0.825,21,34,54.6,50.6,39.7,33.3,19.3,21.5,32.5,34.0,65.2,52.8,47.7,38.6,37.0,13.3,10.0,58.4,60.6,35.6,37.6,63.672,78.503,81.31,1.974,-0.7,-0.638,34.745,72.6,68.5,1.112,1.026,24.038
2008,Missouri,112.013,98.075,0.822,16,32,50.7,48.8,30.8,42.9,17.7,23.1,31.5,34.9,72.1,51.0,49.8,33.4,30.9,7.8,8.2,57.4,48.7,31.9,31.2,70.829,77.163,80.091,2.171,0.0,0.0,47.452,69.0,71.0,1.059,0.992,32.099
2008,Mississippi,113.729,99.702,0.82,24,35,52.0,49.5,30.0,34.3,18.6,19.6,39.1,31.1,71.5,50.4,48.2,36.7,34.4,8.8,9.9,54.0,55.6,33.0,36.2,69.584,76.852,80.431,1.466,0.0,0.0,48.726,65.1,66.9,1.104,1.013,24.913
2008,Georgia Tech,113.926,99.955,0.818,15,32,52.9,51.2,38.3,48.7,21.1,22.4,34.1,35.5,72.1,51.5,51.5,37.2,33.8,9.8,8.3,54.4,54.9,30.7,35.7,68.802,77.344,79.89,1.841,0.0,0.0,81.804,70.0,70.2,1.067,1.046,35.649
2008,Florida St.,107.974,94.838,0.816,19,34,50.4,49.3,35.9,34.6,21.9,22.6,33.5,33.8,68.3,49.2,48.0,35.2,34.6,10.4,9.0,44.4,52.5,34.9,34.7,65.793,76.349,80.074,2.129,0.0,0.0,67.194,77.3,69.3,1.034,0.989,31.329
2008,Vanderbilt,112.117,98.623,0.814,26,34,54.1,49.7,38.3,32.0,19.8,20.5,31.0,33.5,71.5,50.6,48.3,39.9,35.0,8.5,9.6,65.3,49.1,38.1,33.6,68.677,77.422,81.039,1.665,-0.8,-1.546,63.746,73.5,69.5,1.092,1.018,23.437
2008,Arizona St.,108.971,95.972,0.812,21,34,53.7,48.4,40.1,32.1,20.2,21.6,28.5,32.2,61.3,54.1,45.3,35.5,35.1,10.8,8.7,63.9,65.3,41.5,42.2,60.991,76.793,79.622,0.726,0.0,0.0,46.958,73.9,73.0,1.07,0.992,30.802
2008,Maryland,107.765,95.04,0.809,19,34,50.9,44.4,37.5,30.9,23.4,19.7,35.0,34.9,71.7,50.9,42.6,33.8,32.4,15.1,11.5,62.8,50.1,27.8,30.4,69.408,78.423,80.198,1.382,0.0,0.0,68.771,70.3,74.0,1.014,0.969,29.488
2008,Massachusetts,109.948,96.978,0.809,25,36,51.4,47.6,38.6,37.9,17.7,19.9,31.7,33.9,75.6,49.9,46.1,35.6,34.1,16.8,10.7,56.3,53.4,40.7,30.1,74.552,77.257,80.357,2.014,0.0,0.0,49.249,67.2,67.8,1.075,0.998,22.726
2008,Illinois St.,105.384,93.299,0.802,24,34,52.2,46.3,33.9,35.5,20.0,22.2,31.2,31.2,63.0,50.1,45.2,37.1,32.2,10.1,7.6,62.5,56.2,38.0,36.0,62.819,75.557,80.208,2.196,0.0,0.0,13.883,63.3,69.2,1.034,0.952,20.739
2008,Southern Illinois,104.803,92.821,0.802,18,33,48.4,49.2,40.7,48.8,22.2,24.6,33.4,28.7,61.7,47.0,47.3,34.0,34.7,8.4,8.6,57.1,55.2,35.5,39.0,61.143,76.576,79.325,2.159,0.0,0.0,23.944,71.5,70.3,1.004,0.958,25.136
2008,Kent St.,106.731,94.536,0.801,28,35,52.5,46.6,41.1,37.8,21.8,24.2,35.7,35.6,65.4,50.9,46.0,37.3,31.7,10.9,10.3,57.9,54.6,30.4,33.1,64.895,75.948,78.878,1.917,-0.6,-0.612,13.77,70.7,67.8,1.05,0.942,18.085
2008,Oklahoma St.,108.666,96.513,0.796,16,32,49.7,50.1,38.4,44.1,21.5,24.4,32.6,33.9,67.1,48.8,48.2,34.1,36.2,9.2,10.1,46.6,46.3,39.9,31.2,65.099,77.696,80.693,1.358,0.0,0.0,73.522,71.7,72.0,1.022,0.997,34.015
2008,Minnesota,108.113,96.045,0.796,20,34,50.2,48.5,35.0,39.5,21.6,25.1,36.0,33.9,65.7,47.5,47.4,36.7,33.6,12.8,9.4,63.0,60.6,35.6,37.3,65.573,76.953,80.524,1.785,0.0,0.0,53.343,67.6,71.9,1.04,0.963,27.339
2008,Washington,109.44,97.303,0.794,16,33,50.0,51.2,34.2,39.7,19.8,21.5,40.6,29.9,69.3,49.0,48.8,35.1,37.5,5.9,8.5,50.4,54.2,27.0,32.4,68.639,76.538,79.993,1.673,0.0,0.0,83.193,58.6,69.5,1.049,1.015,32.421
2008,UAB,109.618,97.636,0.791,23,34,52.2,46.8,39.0,37.1,20.4,19.8,32.2,30.6,68.5,49.9,45.1,37.5,33.6,8.6,9.2,55.1,47.1,35.8,31.4,67.194,76.621,80.319,1.646,0.0,0.0,37.66,70.7,65.0,1.059,0.968,20.645
2008,California,116.033,103.451,0.789,17,33,52.3,51.9,36.1,33.1,19.4,17.2,34.5,31.8,68.8,51.6,51.4,35.9,35.1,6.9,8.0,55.8,56.7,32.2,39.9,67.972,77.894,81.453,1.378,0.0,0.0,69.093,77.6,68.2,1.099,1.08,35.518
2008,Temple,111.943,99.805,0.789,21,34,54.1,49.1,35.3,31.8,19.1,19.3,28.5,32.4,65.7,53.3,46.5,36.9,35.7,12.2,7.1,59.5,57.1,39.4,37.2,63.86,77.301,80.991,1.786,-0.5,-0.507,21.698,74.0,72.4,1.084,1.03,23.095
2008,Wake Forest,106.887,95.351,0.788,17,30,48.3,49.1,34.0,36.8,19.6,23.9,33.9,33.8,71.0,49.2,47.1,31.1,35.1,14.2,7.8,46.2,53.1,33.4,35.9,69.038,77.129,81.464,0.814,0.0,0.0,74.768,65.7,67.3,1.008,0.969,28.244
2008,Kentucky,107.343,95.763,0.788,18,31,52.7,45.0,41.1,42.4,23.7,19.7,32.9,33.8,65.6,51.5,43.1,36.9,32.6,13.2,10.3,53.7,50.7,31.5,33.3,62.574,78.254,80.72,1.464,-0.3,-0.638,77.136,73.3,70.7,1.029,0.986,28.21
2008,VCU,103.463,92.391,0.786,24,32,49.6,42.1,40.1,38.0,20.5,22.9,34.6,32.9,65.2,46.4,42.9,37.6,26.9,14.3,8.9,54.2,53.5,32.8,30.0,63.751,76.079,79.515,1.514,0.0,0.0,33.43,67.7,69.7,1.031,0.899,15.369
2008,Houston,113.449,101.6,0.781,24,34,49.8,49.1,33.5,38.8,15.4,22.7,31.7,33.4,71.2,45.7,48.2,36.1,33.8,10.6,10.8,48.7,58.9,48.6,36.4,69.266,76.679,79.376,2.153,0.0,0.0,44.731,77.0,66.7,1.108,0.988,18.168
2008,Dayton,109.974,98.772,0.775,23,34,52.7,50.6,42.3,33.1,20.6,20.2,35.3,27.9,62.4,51.1,48.6,37.5,35.5,8.8,9.2,48.0,58.6,31.0,43.1,61.908,76.684,79.786,1.849,0.0,0.0,51.326,64.1,70.6,1.072,1.011,23.316
2008,Tulsa,106.345,95.718,0.77,25,39,50.4,46.0,38.0,31.5,22.8,18.1,36.4,29.5,66.4,49.0,44.6,35.3,32.8,15.0,10.3,51.7,51.4,34.5,31.9,64.419,77.058,81.036,1.854,0.0,0.0,30.495,72.7,66.4,1.038,0.961,20.774
2008,Creighton,107.137,96.505,0.769,21,32,51.6,48.0,33.3,36.7,21.2,22.8,32.5,31.7,66.4,49.8,45.2,36.2,35.6,10.4,8.5,57.1,55.0,40.6,34.7,66.242,76.134,79.591,1.462,0.0,0.0,21.922,71.6,72.4,1.042,0.975,24.137
2008,South Alabama,111.317,100.319,0.768,24,31,53.9,48.4,46.0,31.0,20.6,20.4,37.9,30.5,66.9,53.3,47.3,36.8,33.5,8.6,8.1,60.8,56.3,33.7,37.5,64.978,75.45,79.1,2.249,-0.4,-0.612,21.566,70.3,67.0,1.119,0.983,14.336
2008,Utah,109.912,99.248,0.764,17,32,53.8,47.8,31.1,40.4,19.6,18.1,26.9,25.0,63.6,51.4,44.8,38.8,35.7,9.8,5.4,59.2,54.0,35.7,34.0,62.666,77.63,82.454,1.726,0.0,0.0,26.367,75.6,73.3,1.058,0.998,24.492
2008,Alabama,110.277,99.974,0.755,17,33,51.4,50.2,33.5,33.9,18.5,20.2,36.5,31.9,69.2,50.0,48.3,36.3,35.5,12.3,8.0,56.2,53.9,31.8,37.7,66.888,77.313,80.159,1.551,0.0,0.0,79.379,62.0,71.9,1.072,1.037,25.493
2008,Rhode Island,113.942,103.325,0.755,21,33,53.1,49.5,39.2,33.6,19.4,21.1,37.2,34.5,72.0,51.2,47.5,38.0,35.3,10.3,7.2,52.3,52.5,32.0,35.7,70.255,77.423,80.047,2.018,0.0,0.0,24.183,69.3,71.1,1.114,1.029,19.477
2008,Bradley,111.863,101.546,0.753,21,38,52.3,50.8,36.4,37.8,20.2,21.7,31.2,33.4,68.7,49.3,49.2,37.4,36.0,6.5,9.9,64.1,53.5,43.4,33.2,68.735,75.532,78.51,1.982,0.0,0.0,13.069,74.4,70.1,1.063,1.033,23.327
2008,IU Indy,115.106,104.505,0.752,23,30,57.0,50.2,36.7,33.8,18.1,21.4,33.5,34.6,63.5,54.1,49.5,41.8,34.1,8.7,6.9,54.5,62.2,33.1,41.5,60.959,75.83,78.673,1.861,0.0,0.0,6.515,78.3,69.3,1.169,1.019,12.776
2008,Akron,109.4,99.363,0.751,24,35,51.9,49.8,39.3,36.7,19.5,24.8,33.9,34.4,65.0,47.9,50.2,38.6,32.6,7.9,9.2,56.0,50.9,40.4,32.0,63.387,76.216,79.242,2.2,0.0,0.0,0.701,70.3,69.1,1.08,0.972,16.468
2008,Oral Roberts,102.91,93.654,0.747,23,32,49.9,44.8,40.7,29.5,19.2,20.7,33.1,31.3,65.4,47.1,42.6,36.8,33.7,9.6,7.1,56.1,45.8,33.5,27.3,64.015,77.204,80.741,2.475,-0.4,-0.25,1.838,66.7,75.4,1.042,0.942,17.547
2008,Duquesne,107.935,98.311,0.745,17,30,51.7,48.1,39.6,35.9,21.4,24.3,37.1,37.1,76.0,54.2,45.4,31.6,36.0,17.4,11.6,63.3,60.8,36.5,31.2,74.429,76.261,80.137,1.815,0.0,0.0,13.698,73.7,69.7,1.084,0.975,20.205
2008,Missouri St.,108.011,98.471,0.743,16,32,50.7,49.6,34.8,35.2,22.3,22.6,35.2,32.5,64.9,48.6,46.6,36.6,36.5,11.5,8.6,59.6,56.7,33.4,37.1,65.204,75.712,78.349,2.323,0.0,0.0,21.275,71.6,71.5,1.032,0.998,22.765
2008,Virginia,111.13,101.5,0.739,17,33,50.3,52.0,35.3,33.2,19.4,18.8,36.1,28.6,71.3,47.6,50.1,36.6,36.7,6.4,9.4,50.6,56.8,37.0,38.3,68.321,77.198,80.16,1.71,0.0,0.0,57.579,70.5,66.5,1.066,1.039,28.071
2008,Providence,109.624,100.147,0.739,15,31,51.5,50.3,32.3,37.1,21.1,22.0,36.6,36.4,68.0,48.9,49.4,37.6,34.7,9.0,10.0,55.9,57.7,35.0,33.7,65.959,77.059,80.589,1.583,0.0,0.0,41.818,68.0,74.2,1.056,1.049,31.851
2008,George Mason,108.815,99.446,0.738,23,34,52.3,47.5,39.8,27.0,18.7,18.4,32.0,27.9,63.3,52.4,46.4,34.7,33.2,8.7,7.5,53.8,51.2,33.2,33.1,62.029,76.226,78.876,1.976,-0.4,-0.507,13.842,70.3,71.7,1.082,0.976,14.226
2008,Miami OH,106.967,97.987,0.733,17,33,51.5,48.6,30.9,30.9,20.0,20.3,31.1,33.2,59.4,50.6,48.0,35.6,33.2,9.8,8.2,54.4,46.6,31.8,33.9,58.047,76.348,78.628,1.898,0.0,0.0,1.285,70.1,66.3,1.033,1.001,25.508
2008,Texas Tech,106.022,97.242,0.73,15,30,50.2,51.0,47.6,34.8,19.9,21.8,26.3,33.0,69.8,48.4,48.8,36.7,36.8,6.6,8.9,52.3,46.7,26.7,34.0,68.305,76.422,79.815,1.723,0.0,0.0,23.317,70.4,69.0,1.0,1.003,32.922
2008,Charlotte,103.264,94.721,0.73,20,34,47.1,49.0,41.7,41.2,20.6,24.3,33.3,32.9,69.1,44.0,47.4,34.4,34.2,10.7,12.8,56.2,56.9,40.6,39.4,67.155,76.235,79.494,1.363,0.0,0.0,25.436,67.3,69.2,1.001,0.969,23.471
2008,Georgia,103.886,95.553,0.723,16,33,47.8,48.1,32.1,33.6,21.8,19.0,37.2,31.6,67.1,47.1,49.1,32.9,30.9,9.2,9.9,47.0,52.2,31.4,35.0,64.928,77.164,81.014,1.677,-0.3,-0.158,57.893,67.4,64.8,1.002,0.994,29.278
2008,New Mexico St.,107.575,99.328,0.714,20,34,52.4,49.6,39.0,33.2,21.9,21.6,41.2,29.4,72.6,52.5,46.7,34.8,36.3,8.3,8.2,51.9,53.0,28.8,37.3,69.682,77.103,80.039,1.79,0.0,0.0,35.626,63.9,69.1,1.079,0.987,19.043
2008,San Diego St.,103.625,95.787,0.712,19,32,49.1,50.5,36.6,33.0,20.9,23.1,32.8,28.0,65.6,48.9,49.3,33.0,35.2,7.2,8.6,53.4,54.6,30.7,35.0,64.423,76.72,79.835,1.461,0.0,0.0,43.598,68.2,67.2,1.005,0.959,22.431
2008,Western Michigan,106.111,98.409,0.704,20,32,49.7,46.7,47.6,41.5,22.0,19.4,36.1,29.4,65.2,47.0,45.3,36.1,32.9,6.8,10.4,49.3,54.5,37.6,36.3,64.305,75.484,78.616,2.056,0.0,0.0,16.696,75.3,70.9,1.054,0.983,15.859
2008,Siena,107.644,99.96,0.701,23,34,50.5,51.8,36.3,25.4,15.5,23.9,31.4,36.5,69.9,48.1,49.5,37.4,37.6,9.1,8.6,52.3,53.1,30.4,34.2,67.448,75.72,79.22,1.3,0.5,0.75,10.689,68.9,64.4,1.088,1.008,15.133
2008,South Carolina,108.67,100.928,0.701,14,32,50.4,51.1,22.6,27.5,15.5,21.9,30.7,37.3,67.9,48.1,50.9,36.4,34.4,9.3,8.5,47.9,55.3,34.7,34.5,65.385,76.108,79.575,1.234,0.0,0.0,56.751,68.0,70.4,1.061,1.044,27.009
2008,UCF,108.481,100.802,0.699,16,31,51.7,48.2,37.2,42.2,20.3,21.7,34.1,33.4,67.4,50.2,46.8,36.3,33.6,10.5,10.6,59.5,54.3,36.4,39.0,65.057,76.289,79.884,2.26,0.0,0.0,16.92,71.1,69.4,1.062,1.001,19.593
2008,Boston College,108.393,100.863,0.696,14,31,50.9,49.6,39.7,28.8,22.5,17.9,35.4,35.7,68.3,49.6,48.5,36.0,34.6,14.4,11.1,59.0,53.3,30.0,30.5,64.397,77.605,81.079,1.206,0.0,0.0,54.826,69.0,66.5,1.033,1.051,30.839
2008,Cal St. Fullerton,109.917,102.619,0.688,23,32,54.2,52.7,32.3,32.9,18.3,23.6,32.6,30.2,73.0,52.3,51.2,38.4,37.0,3.6,6.6,51.4,56.4,35.8,33.4,72.485,74.088,77.259,2.639,-0.2,-0.158,11.126,70.2,67.4,1.114,0.994,12.406
2008,LSU,104.631,97.686,0.688,12,30,48.3,47.8,29.3,28.0,20.3,19.5,32.0,35.7,68.1,48.4,46.1,32.2,34.3,14.9,9.9,47.3,49.0,34.8,31.7,66.09,78.816,81.853,1.388,0.0,0.0,44.487,74.8,66.9,1.0,1.01,26.83
2008,Southern Miss,107.535,100.42,0.687,15,29,47.5,49.9,48.6,43.2,19.4,19.2,36.1,28.1,66.3,47.3,49.2,32.1,34.3,7.5,9.1,45.3,50.5,22.1,32.6,63.644,76.441,80.138,1.289,0.0,0.0,26.671,70.7,68.1,1.044,1.015,24.76
2008,N.C. State,107.274,100.46,0.68,15,31,51.1,47.3,47.4,26.6,22.5,16.0,30.3,35.4,66.4,50.8,44.6,34.6,36.3,10.7,10.0,59.2,44.9,32.4,28.0,62.92,79.482,82.306,1.316,0.0,0.0,76.528,71.9,70.9,1.01,1.046,32.267
2008,Ohio,107.321,100.537,0.679,20,33,51.9,51.5,39.6,34.4,21.6,22.0,35.0,30.8,64.5,51.4,50.1,35.2,35.5,6.6,8.0,63.1,58.4,38.5,43.3,63.667,76.528,79.451,2.088,0.0,0.0,3.357,71.4,67.5,1.049,1.008,18.967
2008,UTEP,105.022,98.456,0.678,19,33,48.8,49.4,45.7,49.0,17.9,23.3,30.7,30.5,73.4,48.5,47.3,33.0,35.4,7.9,7.0,51.6,57.9,33.2,36.0,71.547,77.942,80.915,1.581,0.0,0.0,0.2,65.7,68.8,1.029,0.983,21.946
2008,DePaul,111.743,105.096,0.669,11,30,49.6,53.5,30.8,28.3,17.5,19.6,33.6,36.4,68.5,47.4,49.5,35.8,40.8,7.2,8.4,52.6,63.0,35.3,34.0,66.172,77.262,80.706,1.848,0.0,0.0,70.884,64.8,72.5,1.055,1.102,32.152
2008,Cincinnati,103.646,97.541,0.668,13,32,47.1,49.2,32.8,46.1,21.2,18.1,35.3,29.1,65.1,45.9,48.5,32.8,33.7,7.0,7.8,55.4,55.9,35.6,37.2,63.829,77.131,80.378,1.799,0.0,0.0,38.746,66.5,68.2,0.984,1.032,33.093
2008,Cleveland St.,101.236,95.313,0.667,19,32,47.6,47.7,39.1,43.3,21.2,21.7,34.2,30.7,65.9,48.3,47.5,30.4,32.1,9.8,9.0,51.1,54.9,27.6,32.8,65.228,76.43,79.347,1.764,0.0,0.0,10.322,70.0,69.7,0.996,0.97,19.781
2008,Nevada,107.774,101.577,0.664,20,32,53.0,47.5,36.9,32.1,20.0,17.4,32.7,32.4,69.3,52.4,44.9,36.3,36.0,13.5,5.7,52.6,53.8,28.9,28.6,67.239,78.57,82.366,1.538,0.0,0.0,3.114,71.5,67.7,1.075,1.017,16.533
2008,South Florida,106.285,100.217,0.663,12,31,48.8,48.7,43.0,33.9,20.2,18.4,35.9,33.8,66.7,48.5,46.8,33.0,35.2,9.0,13.0,62.8,58.9,29.5,31.5,63.891,77.155,80.125,1.297,0.0,0.0,14.588,63.8,65.3,1.028,1.029,26.27
2008,Stephen F. Austin,105.756,99.732,0.662,22,28,51.1,45.1,40.6,34.3,19.1,21.7,32.7,31.1,61.8,48.1,44.1,38.0,31.8,9.0,10.7,55.4,47.8,34.1,27.4,58.217,74.761,79.38,1.843,0.0,0.0,0.729,67.9,68.3,1.057,0.931,10.389
2008,UNC Greensboro,107.273,101.209,0.661,19,31,52.6,50.1,40.1,24.3,21.4,22.3,35.1,35.2,66.2,51.9,48.0,35.8,36.1,11.8,10.6,58.4,52.8,38.7,34.0,64.652,75.208,77.702,1.791,0.0,0.0,1.453,67.4,67.6,1.07,1.005,17.587
2008,Winthrop,97.126,91.662,0.661,20,32,49.6,46.6,35.6,33.6,19.8,23.3,33.2,29.2,63.8,46.7,46.7,37.2,31.0,11.7,7.1,54.5,60.2,31.9,42.3,61.812,76.006,79.42,1.963,-0.2,-0.25,4.133,59.3,69.6,1.005,0.925,16.981
2008,San Diego,100.76,95.175,0.658,21,35,49.4,49.0,35.7,33.7,21.4,22.7,32.1,30.5,65.7,48.8,48.3,33.9,33.7,8.2,10.3,55.1,52.3,26.9,29.2,63.567,75.81,78.897,1.019,0.7,0.75,3.734,66.6,67.1,0.981,0.956,21.412
2008,Seton Hall,109.506,103.464,0.658,17,32,48.0,51.1,36.7,39.3,16.9,21.4,33.7,38.4,71.1,46.6,48.8,33.8,37.0,12.6,11.6,49.2,53.4,33.7,34.7,69.569,76.169,79.336,1.576,0.0,0.0,62.316,71.6,67.6,1.056,1.064,26.994
2008,Colorado,104.214,98.653,0.653,11,31,50.7,49.8,35.0,33.6,21.3,20.3,26.6,33.5,62.4,50.5,48.1,34.0,35.5,12.4,9.0,59.6,57.8,35.1,33.6,61.013,77.207,78.513,1.7,0.0,0.0,21.924,68.3,68.6,0.983,1.026,32.98
2008,Iowa St.,100.529,95.168,0.653,13,31,46.8,47.2,33.5,27.8,20.2,18.1,28.2,31.6,65.2,47.0,44.3,31.1,36.0,9.5,9.0,55.1,47.7,35.0,30.0,64.165,78.457,81.771,1.562,0.0,0.0,49.488,72.0,68.9,0.96,0.998,32.174
2008,Illinois Chicago,103.888,98.4,0.651,17,32,50.3,48.2,32.6,26.7,19.9,20.0,31.3,30.8,65.6,46.5,46.0,38.5,34.6,13.0,6.9,53.9,58.0,33.3,37.1,65.815,76.632,80.757,1.751,0.0,0.0,22.694,71.9,70.6,1.023,0.987,18.592
2008,Wright St.,102.942,97.557,0.65,21,31,51.9,48.2,35.2,29.6,20.5,20.0,30.0,30.5,60.3,48.4,45.2,38.8,35.1,5.7,8.2,53.6,55.4,35.4,40.9,59.552,76.877,78.955,1.518,0.0,0.0,21.796,67.6,66.8,1.027,0.988,15.552
2008,Old Dominion,106.338,100.842,0.648,18,34,48.3,47.8,27.2,30.3,20.1,21.6,38.1,34.3,64.0,47.3,45.6,33.5,34.6,13.8,7.8,59.6,56.3,32.0,35.5,62.855,77.021,80.927,1.552,0.0,0.0,7.958,66.6,70.5,1.026,0.992,19.902
2008,Portland St.,107.566,102.67,0.631,21,31,54.4,50.6,37.8,34.9,20.8,21.4,34.1,31.7,67.2,50.8,49.7,39.7,34.8,9.3,6.4,61.1,55.2,41.2,33.8,66.396,75.471,80.158,2.061,-0.1,-0.013,1.355,67.2,71.8,1.084,1.013,16.214
2008,Utah St.,113.126,108.028,0.63,23,34,57.4,50.0,36.9,28.9,21.4,17.6,34.1,32.1,65.1,56.3,47.5,40.1,36.6,7.0,8.5,67.1,54.4,28.4,34.0,63.14,76.514,79.826,1.844,0.0,0.0,6.436,78.7,70.0,1.132,1.051,11.816
2008,Northern Iowa,105.263,100.598,0.627,17,31,50.0,47.0,43.6,30.3,19.8,16.8,25.3,28.2,60.1,49.6,42.4,33.9,36.4,9.9,6.7,56.2,51.9,34.9,38.0,59.346,76.6,80.007,1.707,0.0,0.0,7.697,72.8,72.7,1.011,1.003,20.791
2008,Michigan,102.798,98.545,0.619,10,32,45.8,51.5,28.4,27.5,19.9,21.0,33.7,35.0,64.6,45.2,48.4,31.2,38.0,13.9,9.6,55.0,60.7,40.7,35.1,64.594,77.436,80.697,1.242,0.0,0.0,65.959,70.6,68.5,0.97,1.047,33.878
2008,Penn St.,107.157,102.751,0.618,15,31,48.3,51.9,32.1,29.1,19.7,20.7,36.3,32.6,63.5,46.7,50.8,34.0,35.7,6.6,11.0,57.0,61.9,38.6,39.6,63.781,76.722,80.278,1.377,0.0,0.0,33.768,62.2,70.2,1.017,1.042,28.647
2008,Valparaiso,106.633,102.413,0.614,20,34,52.9,49.6,34.6,38.1,19.7,18.6,27.3,29.7,66.2,49.8,48.0,38.0,35.0,6.4,11.4,57.0,49.7,44.1,34.7,65.697,76.911,80.013,1.835,0.0,0.0,10.341,67.5,68.3,1.04,1.024,20.627
2008,North Texas,105.304,101.575,0.602,17,28,51.9,48.9,40.6,39.0,21.7,19.8,35.3,29.7,69.9,48.8,47.6,39.5,34.2,8.1,9.0,41.9,46.6,29.7,34.9,68.194,76.163,80.002,1.856,0.0,0.0,29.965,72.5,71.4,1.067,1.006,12.347
2008,Cornell,108.284,104.471,0.602,21,27,55.4,49.1,33.8,34.6,19.9,20.9,28.6,31.3,69.0,52.5,46.3,40.4,36.5,7.9,7.8,55.2,55.1,35.4,33.7,68.13,76.504,80.318,1.552,-0.2,-0.158,1.326,76.1,69.8,1.093,1.0,12.374
2008,Rider,107.039,103.272,0.602,23,34,54.8,49.1,38.2,30.6,20.0,19.8,34.5,30.7,70.4,52.8,47.5,39.6,34.4,12.7,7.7,55.6,54.2,31.0,39.0,68.808,77.096,80.596,1.394,0.0,0.0,7.37,64.2,68.9,1.086,0.999,11.663
2008,Auburn,109.336,105.569,0.599,14,30,52.5,55.8,31.5,28.1,20.0,22.2,31.9,32.5,67.9,53.5,55.4,34.0,37.5,7.5,10.6,58.3,56.2,39.7,41.0,65.532,76.585,78.918,1.947,0.0,0.0,46.058,66.9,67.8,1.051,1.072,23.986
2008,North Dakota St.,105.729,102.174,0.597,14,27,51.9,49.4,40.1,36.7,20.0,18.6,33.6,28.0,69.1,48.9,48.0,39.4,35.8,6.2,8.6,54.6,47.6,29.3,25.3,67.337,76.611,79.729,1.455,0.0,0.0,0.2,75.0,73.7,1.08,1.017,14.439
2008,UC Santa Barbara,100.315,96.951,0.597,22,31,52.0,49.8,34.6,42.2,21.0,26.8,27.6,33.8,67.7,47.3,51.5,40.7,31.3,7.2,7.2,60.6,53.4,34.2,36.9,65.442,76.821,80.181,1.986,0.0,0.0,1.297,74.8,67.2,1.024,0.953,14.375
2008,Marshall,105.872,102.357,0.596,14,28,47.1,50.9,43.5,38.9,20.0,21.8,37.1,33.0,64.4,47.2,49.6,31.3,35.6,7.7,8.9,53.1,54.0,33.3,32.9,63.018,75.88,78.975,1.693,0.0,0.0,20.657,69.0,67.5,1.024,1.024,19.957
2008,Indiana St.,104.636,101.237,0.594,14,30,47.6,51.2,36.6,41.2,19.9,21.7,30.9,33.4,64.1,46.9,50.5,32.4,35.1,9.6,9.7,55.4,55.6,39.3,33.4,64.466,75.346,78.461,1.553,0.0,0.0,4.979,74.8,68.6,0.999,1.039,25.515
2008,Boise St.,106.61,103.155,0.594,24,33,57.1,50.3,39.7,33.6,21.2,19.5,30.4,29.4,72.7,56.2,49.1,39.2,35.2,5.5,8.4,60.5,49.6,35.6,32.1,71.24,76.999,79.898,2.32,-0.1,-0.158,1.289,66.2,70.5,1.083,1.024,13.468
2008,Iowa,97.715,94.589,0.592,13,32,50.0,46.4,36.0,30.3,26.1,19.1,29.7,29.0,60.0,48.3,44.5,34.7,33.2,9.7,9.3,63.8,60.5,44.0,36.1,59.397,78.063,81.546,1.756,0.0,0.0,28.725,64.9,68.3,0.93,0.963,27.056
2008,Robert Morris,102.387,99.611,0.578,26,34,53.0,50.0,27.7,39.1,23.3,26.1,35.2,31.8,71.5,51.2,52.0,37.5,31.2,6.8,8.4,64.1,56.3,37.0,38.3,68.998,74.962,77.95,1.896,0.0,0.0,2.826,72.6,69.1,1.044,0.954,9.341
2008,Cal St. Northridge,101.008,98.395,0.575,19,29,52.2,47.8,32.6,51.1,21.5,24.5,31.8,31.5,74.9,50.3,48.8,37.3,30.8,8.8,6.2,53.6,55.9,33.6,35.6,72.358,76.048,79.962,2.328,0.0,0.0,7.885,69.1,67.6,1.03,0.955,12.645
2008,Sam Houston St.,96.311,93.852,0.574,19,27,47.7,44.4,39.0,38.0,22.7,22.6,33.9,27.9,69.7,48.1,43.3,31.3,31.3,8.7,8.9,72.4,59.7,33.9,32.6,67.129,75.275,79.049,2.427,0.0,0.0,0.512,65.1,62.4,0.964,0.888,8.833
2008,Georgia Southern,104.855,102.256,0.572,18,30,49.9,50.3,34.3,41.2,19.9,22.2,37.1,33.0,70.5,49.1,48.7,34.5,35.5,10.9,7.6,55.9,52.5,28.7,34.4,68.904,75.736,79.253,2.035,0.0,0.0,9.828,66.3,69.6,1.047,1.017,15.53
2008,UMBC,111.119,108.423,0.57,23,32,51.9,50.8,33.5,28.4,13.6,17.7,31.8,33.6,65.4,49.0,49.0,38.4,36.1,9.1,8.6,57.4,53.1,33.0,35.7,64.365,75.216,78.702,2.201,-0.1,-0.105,10.4,73.3,73.1,1.119,1.05,13.127
2008,St. John's,96.967,94.834,0.564,11,30,45.8,49.5,35.0,40.3,22.9,21.5,32.7,30.6,66.5,44.1,48.6,33.3,34.3,8.7,9.5,52.8,53.3,29.0,31.6,64.381,76.69,80.419,0.739,0.0,0.0,52.937,66.3,68.7,0.93,0.995,31.163
2008,Brown,106.951,104.612,0.563,19,29,55.8,51.2,47.1,25.9,20.5,20.2,24.3,30.3,62.7,52.1,49.9,40.8,35.5,7.3,10.2,63.8,58.8,40.9,38.3,61.412,76.437,78.637,1.763,0.0,0.0,10.26,74.6,70.7,1.085,1.022,12.471
2008,Air Force,99.461,97.298,0.563,14,28,52.1,48.7,45.5,35.4,21.5,23.0,19.4,30.5,58.5,48.7,44.4,37.5,36.1,6.9,11.7,64.4,63.2,44.7,44.6,56.85,77.16,79.122,2.047,0.0,0.0,5.418,69.4,69.5,0.976,0.971,20.555
2008,La Salle,107.283,105.083,0.559,14,31,51.1,51.9,37.3,33.5,22.5,19.4,36.0,31.1,71.0,46.7,51.8,39.6,34.7,7.2,14.2,55.6,56.6,34.4,31.0,68.868,77.256,79.101,1.365,0.0,0.0,0.2,69.2,71.4,1.035,1.055,20.317
2008,Richmond,100.127,98.096,0.559,16,31,50.6,50.6,30.1,45.2,21.8,25.3,25.8,34.0,64.6,49.1,50.3,35.2,34.2,11.3,9.6,58.8,55.4,38.4,37.2,62.47,77.578,80.275,1.07,0.0,0.0,31.502,70.4,72.8,0.968,1.003,21.28
2008,Belmont,106.625,104.703,0.552,24,33,53.2,51.9,33.8,35.6,20.4,22.4,33.5,30.5,71.9,52.1,51.9,36.3,34.6,4.9,10.1,62.4,52.9,47.1,34.4,69.536,76.408,78.818,1.738,-0.1,-0.105,12.009,69.8,70.3,1.082,1.016,11.457
2008,Niagara,105.788,103.961,0.55,19,29,47.0,48.7,44.7,35.7,18.2,21.3,36.9,36.6,71.4,46.5,48.7,31.8,32.4,9.0,12.7,51.4,49.3,40.3,32.3,69.53,75.317,78.293,1.766,0.0,0.0,11.854,72.7,68.6,1.068,1.02,11.043
2008,Oakland,110.689,108.79,0.55,15,29,49.2,53.9,41.4,34.8,19.4,21.0,41.3,35.2,69.0,47.2,52.3,36.0,38.1,10.2,8.4,49.8,54.9,29.0,32.8,67.593,77.36,81.578,1.382,0.0,0.0,0.216,70.9,74.6,1.103,1.087,16.259
2008,Wichita St.,103.541,101.796,0.549,11,31,47.3,50.6,37.2,35.8,22.7,19.0,37.3,27.0,61.7,47.9,45.6,30.8,39.0,9.4,9.5,57.2,57.4,36.1,39.0,60.963,76.462,79.326,1.931,0.0,0.0,5.427,67.5,71.8,0.997,1.026,20.576
2008,Green Bay,105.865,104.105,0.548,15,30,51.1,50.2,35.5,36.6,20.3,19.6,31.5,34.4,66.0,49.6,48.4,36.7,35.5,9.0,10.5,47.6,52.4,27.7,37.2,65.687,77.111,80.726,1.363,0.0,0.0,18.679,73.8,68.0,1.038,1.053,21.063
2008,Pacific,106.073,104.377,0.546,20,30,56.1,50.3,44.0,36.8,22.6,20.1,32.2,27.8,65.8,53.8,48.5,40.0,35.5,5.7,7.0,56.3,51.8,36.9,37.5,63.875,76.633,80.029,1.736,0.0,0.0,4.714,67.8,70.9,1.077,1.01,10.56
2008,Northeastern,101.507,100.141,0.539,14,31,46.7,49.5,36.4,34.1,20.7,22.0,34.8,33.1,63.0,46.6,49.0,31.3,33.8,8.4,10.6,53.1,55.2,31.6,31.4,61.932,78.207,80.492,1.095,0.0,0.0,7.626,73.0,70.9,0.997,1.001,17.84
2008,Fordham,102.55,101.217,0.538,11,28,48.7,50.9,36.1,34.0,20.2,20.7,31.0,34.1,64.3,48.9,50.0,32.2,35.5,9.2,8.1,59.5,54.2,40.1,29.0,61.853,77.248,79.634,2.29,0.0,0.0,5.298,66.8,70.5,0.998,1.041,24.237
2008,Saint Louis,99.649,98.485,0.534,15,30,48.9,48.6,36.2,31.3,20.4,18.0,23.8,28.2,60.3,46.5,45.6,35.9,36.4,7.7,10.4,60.1,51.7,33.8,32.8,59.116,75.766,78.777,2.216,0.0,0.0,17.973,72.3,70.0,0.963,1.007,22.13
2008,Marist,104.467,103.432,0.529,18,32,51.7,47.4,36.0,36.9,20.3,18.1,33.5,32.7,65.9,48.6,46.1,37.8,33.5,7.2,13.3,48.1,43.5,38.2,32.4,63.703,76.424,79.239,1.871,0.0,0.0,19.753,64.8,72.6,1.045,1.028,13.404
2008,American,106.188,105.245,0.526,21,33,52.2,47.7,41.3,38.9,22.5,19.7,32.9,30.0,61.7,46.2,45.0,40.8,35.0,8.2,13.2,55.9,54.6,40.2,35.6,61.007,75.098,79.072,2.066,-0.2,-0.105,10.824,73.9,73.7,1.051,1.006,12.947
2008,Appalachian St.,104.606,103.693,0.525,17,30,54.5,47.8,36.0,31.1,22.3,18.6,31.2,33.7,67.5,52.5,45.2,38.5,35.1,12.2,7.0,53.6,49.4,36.9,34.7,65.634,76.128,79.687,1.826,0.0,0.0,1.323,68.5,67.3,1.049,1.019,14.994
2008,Northern Arizona,104.435,103.601,0.523,19,30,54.6,50.1,46.7,37.9,22.5,20.3,30.0,27.8,67.8,52.7,46.0,39.0,37.8,6.6,10.3,63.5,57.8,33.0,37.9,66.419,76.96,80.281,1.99,0.0,0.0,3.85,71.6,69.8,1.053,1.007,13.168
2008,Santa Clara,98.937,98.297,0.519,13,29,54.1,48.2,37.2,33.4,26.2,20.0,29.9,28.9,62.0,52.0,44.7,38.8,36.6,10.5,9.8,63.3,59.6,33.3,34.5,60.049,77.004,80.46,1.826,0.0,0.0,0.673,70.2,72.9,0.991,0.988,18.824
2008,UNC Wilmington,106.859,106.459,0.511,20,33,53.7,49.7,32.5,31.9,22.4,18.0,33.9,31.9,67.9,53.3,48.7,36.2,34.4,6.7,6.7,54.1,50.1,34.8,34.2,67.152,76.953,80.848,2.043,0.0,0.0,8.052,75.6,68.2,1.062,1.044,13.62
2008,UC Irvine,103.168,103.136,0.501,17,33,51.7,53.4,34.0,37.5,19.2,22.0,26.6,28.1,65.0,50.0,52.3,36.5,36.8,6.6,7.5,50.1,54.2,34.8,35.5,62.98,75.613,78.974,2.07,0.0,0.0,6.113,74.7,71.5,1.032,1.013,13.632
2008,Milwaukee,99.612,99.64,0.499,13,29,44.8,50.5,35.6,36.5,18.4,19.4,32.1,28.5,67.5,44.0,49.8,30.8,34.8,7.5,9.9,52.8,49.9,36.2,28.9,67.723,75.575,78.533,2.013,0.0,0.0,22.689,67.9,69.8,0.973,1.014,19.585
2008,Lamar,107.438,107.539,0.497,15,26,52.5,53.9,36.6,38.7,20.3,25.7,32.6,34.6,72.7,50.1,52.8,37.8,37.7,7.2,9.5,58.0,55.7,35.8,30.0,69.62,74.831,78.272,2.419,0.0,0.0,6.677,66.1,71.3,1.056,1.024,11.425
2008,Tulane,100.454,100.674,0.494,16,31,48.9,46.9,43.5,37.8,22.5,20.4,31.4,35.9,66.2,48.8,45.1,32.7,33.5,14.6,8.4,55.9,54.1,27.7,34.7,63.795,76.684,79.572,1.824,0.0,0.0,22.037,70.5,70.3,0.984,1.01,20.24
2008,Austin Peay,103.085,103.556,0.487,24,35,51.7,54.2,44.3,32.7,18.3,24.3,30.2,32.7,67.3,48.4,53.0,38.2,37.4,6.6,9.8,58.6,60.6,37.3,40.0,65.521,75.766,78.289,2.203,-0.1,-0.105,9.068,71.4,69.4,1.078,1.031,11.599
2008,Chattanooga,100.084,100.549,0.487,16,29,51.6,50.0,46.7,29.4,25.0,20.0,35.2,28.8,73.0,53.1,48.2,32.9,34.6,7.8,9.5,57.0,63.5,39.9,47.4,72.219,76.317,80.548,2.125,0.0,0.0,10.057,65.8,72.2,1.009,1.01,16.727
2008,Charleston,104.644,105.202,0.485,16,33,52.7,49.8,27.3,26.6,20.3,17.7,31.0,32.8,68.0,52.1,48.6,35.6,34.9,9.2,8.3,47.1,51.8,38.2,31.3,66.167,76.705,79.725,0.964,0.0,0.0,1.968,69.5,71.3,1.05,1.048,16.016
2008,George Washington,100.165,100.737,0.484,9,26,47.2,49.5,31.1,38.2,22.8,20.1,35.0,34.4,65.5,46.1,48.6,32.8,33.8,10.7,9.4,54.6,64.9,36.2,42.9,63.813,77.311,80.159,1.574,0.0,0.0,41.225,68.6,67.6,0.968,1.042,24.774
2008,Loyola MD,105.876,106.687,0.478,19,33,50.3,48.3,39.1,43.6,21.2,18.2,35.9,34.4,67.8,47.1,47.1,36.8,33.7,8.4,12.7,59.4,49.2,39.4,33.2,65.979,75.541,79.397,1.973,0.0,0.0,26.166,77.0,68.3,1.054,1.041,14.535
2008,Middle Tennessee,103.542,104.365,0.477,16,31,51.6,51.7,41.4,46.4,22.0,20.5,29.9,31.0,65.2,50.5,51.3,36.1,34.9,6.8,6.7,50.5,51.6,29.7,38.1,62.425,76.744,79.93,1.532,0.0,0.0,25.34,71.2,73.2,1.021,1.06,16.857
2008,Mount St. Mary's,99.877,100.829,0.473,19,34,49.8,47.2,38.7,38.0,20.8,21.5,29.8,33.4,68.6,47.9,46.7,36.1,32.2,9.1,7.8,53.2,48.0,30.4,30.4,65.898,75.78,79.492,1.448,-0.1,-0.013,7.293,70.3,70.2,1.005,0.983,11.388
2008,Holy Cross,100.15,101.396,0.465,15,29,48.6,48.0,40.5,42.8,25.8,22.6,41.3,33.0,61.0,48.6,43.6,32.4,36.8,13.1,8.2,63.9,65.2,30.7,37.8,59.653,78.032,81.892,1.933,0.0,0.0,5.906,72.9,68.2,0.998,0.983,11.5
2008,TCU,99.771,101.062,0.463,13,29,46.3,52.4,35.0,36.9,20.5,24.3,32.5,29.4,68.7,42.6,51.5,35.3,35.9,6.9,9.4,53.3,64.9,36.1,37.4,67.312,76.219,79.784,1.987,0.0,0.0,14.855,68.2,65.8,0.974,0.982,20.824
2008,Albany,102.541,104.203,0.454,15,30,49.0,49.4,36.1,41.0,21.5,19.0,36.5,25.3,65.2,47.7,46.8,34.5,36.0,7.3,9.7,51.2,52.8,30.2,36.1,63.627,76.896,80.277,1.944,0.0,0.0,3.164,72.6,69.7,1.03,1.001,10.252
2008,Morgan St.,97.971,99.603,0.453,21,32,47.4,45.7,37.6,43.2,19.5,22.0,37.7,30.6,65.5,46.9,44.3,32.6,33.4,12.0,8.6,43.8,48.9,26.1,25.0,64.901,75.634,79.52,2.076,0.0,0.0,8.62,65.8,67.4,1.017,0.943,11.352
2008,Northwestern,104.438,106.291,0.45,7,29,51.5,56.8,23.8,39.3,18.5,24.4,20.6,37.9,61.8,49.0,55.8,36.4,38.8,7.0,12.0,71.3,68.6,43.7,43.3,61.271,75.887,79.035,1.172,0.0,0.0,17.741,66.0,70.7,0.981,1.102,31.662
2008,Rutgers,95.505,97.284,0.447,11,31,44.8,47.7,34.7,27.4,22.5,18.8,31.9,34.4,67.4,43.4,44.6,31.8,37.1,11.9,10.4,42.8,47.5,31.2,28.3,64.858,77.37,81.718,1.34,0.0,0.0,54.944,64.8,66.7,0.915,1.008,28.936
2008,UNC Asheville,105.38,107.379,0.446,19,29,53.8,49.8,37.8,22.5,19.5,16.3,30.6,31.2,68.0,53.7,46.0,35.9,37.5,13.6,6.7,62.4,58.4,31.9,37.0,64.94,77.146,81.275,2.237,0.0,0.0,2.14,67.9,69.0,1.076,1.049,15.617
2008,Vermont,100.216,102.323,0.44,16,31,50.9,47.3,37.3,41.5,21.4,20.8,33.5,31.3,69.9,49.9,44.2,35.5,36.3,12.3,9.7,56.1,49.9,28.3,29.9,68.758,75.697,78.552,1.787,0.0,0.0,6.595,68.5,72.4,1.027,0.996,9.955
2008,Eastern Michigan,103.949,106.176,0.439,14,31,50.3,50.8,40.4,40.6,23.1,21.3,34.7,34.0,64.3,47.3,49.1,35.9,36.1,6.9,11.4,59.5,55.4,45.3,34.9,62.626,75.796,79.195,2.178,0.0,0.0,3.021,72.9,69.8,1.027,1.048,14.719
2008,Buffalo,99.941,102.351,0.432,9,29,45.7,50.1,30.7,49.6,22.4,22.4,37.6,33.9,71.8,44.7,49.9,32.2,33.8,7.4,10.7,51.7,51.7,28.2,31.9,71.514,75.937,79.385,1.36,0.0,0.0,0.2,67.8,70.4,0.968,1.02,17.251
2008,Wyoming,100.382,102.862,0.43,10,28,49.3,48.5,45.1,35.9,24.4,17.0,29.6,30.7,69.2,50.3,47.0,31.6,34.2,12.1,11.2,57.9,55.5,34.3,35.8,68.833,77.576,81.295,1.815,0.0,0.0,21.357,72.9,71.2,0.972,1.039,19.611
2008,Central Michigan,103.055,105.702,0.428,13,29,49.2,51.4,38.8,60.5,22.6,24.6,35.0,36.0,69.3,48.4,50.9,33.7,35.3,7.8,10.0,40.2,49.6,37.2,27.2,67.608,75.166,79.022,1.74,0.0,0.0,8.073,68.1,71.6,0.998,1.045,17.836
2008,New Orleans,103.47,106.144,0.427,17,30,49.5,51.7,36.8,40.3,17.5,21.7,29.4,32.6,69.0,48.4,49.6,34.8,37.2,4.7,7.1,44.1,51.3,27.5,33.5,68.164,75.182,79.109,2.49,0.0,0.0,6.874,72.9,70.6,1.043,1.036,11.986
2008,Weber St.,98.629,101.341,0.423,15,28,51.7,50.2,44.9,38.3,24.2,20.8,29.0,27.6,65.3,49.5,46.8,37.0,37.2,11.1,8.0,54.6,62.2,35.8,38.3,63.776,75.91,80.313,2.221,0.0,0.0,0.832,74.5,68.8,1.007,0.993,12.296
2008,UT Arlington,100.921,103.719,0.422,17,29,52.3,47.5,41.4,38.8,24.0,20.7,31.9,31.0,71.3,52.5,46.6,34.6,32.6,7.2,7.8,52.2,56.4,31.1,41.2,68.652,75.415,79.132,1.839,0.0,-0.013,8.575,67.1,66.9,1.004,0.982,11.828
2008,Little Rock,94.834,97.547,0.42,18,29,47.6,46.5,48.9,45.0,24.7,23.2,35.5,29.1,66.9,45.7,47.6,34.6,29.6,9.9,10.3,58.4,53.6,30.6,35.9,64.523,76.569,79.05,1.761,0.0,0.0,0.2,66.4,70.2,0.958,0.943,10.051
2008,Elon,96.566,99.433,0.417,13,31,47.6,49.2,28.4,40.5,20.6,20.8,30.0,32.6,64.3,47.7,49.1,31.6,33.1,7.0,7.8,49.7,51.5,31.4,31.5,62.205,76.293,79.42,1.787,0.0,0.0,0.51,68.1,65.4,0.962,1.005,17.985
2008,East Tennessee St.,102.656,105.715,0.416,18,31,50.9,51.2,36.3,37.7,21.4,23.6,33.8,37.2,74.1,50.0,50.2,35.1,34.9,9.0,8.3,46.8,59.8,33.0,43.3,71.11,76.106,79.48,2.108,0.0,0.0,6.366,71.9,65.3,1.035,1.032,12.775
2008,Fresno St.,97.313,100.249,0.415,12,31,48.4,49.1,29.0,30.3,17.0,19.5,23.4,29.3,69.0,46.6,48.2,34.0,34.1,7.5,8.6,50.8,54.1,41.0,31.0,67.185,76.548,80.723,2.41,0.0,0.0,22.839,70.0,68.3,0.981,0.992,15.208
2008,Gardner Webb,101.037,104.155,0.413,15,31,51.0,47.5,35.9,43.9,20.9,20.1,30.7,35.0,74.1,49.3,48.2,35.8,30.7,6.7,9.6,62.5,50.3,37.9,33.1,70.826,75.133,77.915,1.455,0.0,0.0,0.2,66.4,67.3,1.022,1.011,13.94
2008,William & Mary,99.389,102.486,0.413,15,31,48.7,49.0,31.0,35.4,21.1,22.4,29.7,35.5,62.2,46.7,48.2,34.1,33.5,6.4,11.1,62.1,56.1,44.8,40.3,61.381,78.084,80.824,1.88,0.0,0.0,18.467,68.5,68.0,0.978,1.007,15.023
2008,Lipscomb,99.204,102.41,0.41,14,30,50.1,48.6,41.0,38.6,21.1,20.1,31.9,29.6,69.8,48.8,45.5,35.1,35.9,6.9,9.3,55.4,50.7,35.5,36.8,66.816,76.745,79.309,1.628,0.0,0.0,3.175,64.9,66.2,1.006,0.991,9.897
2008,High Point,102.046,105.345,0.41,13,27,52.1,48.8,26.6,35.4,21.0,19.9,33.3,33.2,64.5,50.4,47.4,36.5,34.5,10.3,9.1,63.0,56.4,38.6,34.3,62.028,75.129,78.85,1.563,0.0,0.0,5.866,74.4,64.5,1.046,1.013,11.234
2008,Lafayette,104.88,108.392,0.406,15,30,53.2,50.2,41.9,41.2,23.6,24.2,34.2,38.2,69.5,47.9,48.1,39.7,36.4,8.2,10.4,60.6,50.8,45.4,33.0,68.799,75.847,78.564,2.19,0.0,0.0,18.597,69.4,73.7,1.047,1.034,11.118
2008,Colgate,97.251,100.683,0.402,18,32,49.9,47.0,37.9,35.4,24.3,22.2,33.5,35.3,66.0,46.8,45.0,38.2,33.8,10.6,7.1,49.6,50.9,29.8,35.0,64.062,76.575,79.399,2.211,0.0,0.0,5.807,69.6,65.9,0.981,0.972,10.547
2008,Murray St.,102.9,106.597,0.4,16,29,54.3,49.7,37.2,41.8,21.5,20.1,32.7,32.6,66.5,53.0,48.5,38.4,34.5,9.7,6.9,57.2,62.2,28.7,37.7,63.977,76.058,78.405,1.714,0.0,0.0,21.865,73.9,70.7,1.078,1.04,8.486
2008,Louisiana,96.673,100.178,0.399,14,29,47.7,47.9,38.8,45.0,22.2,23.3,33.9,37.3,65.6,46.0,46.2,33.6,35.2,9.2,7.2,46.3,47.8,38.1,25.8,63.816,77.345,79.839,1.204,0.0,0.0,11.439,65.0,70.0,0.975,0.994,13.415
2008,Montana,105.709,109.552,0.399,12,28,54.4,51.2,33.6,36.4,19.4,18.0,28.2,31.0,63.4,51.9,50.0,38.8,36.1,8.7,6.8,61.2,51.3,39.6,28.8,62.344,77.124,80.765,1.839,0.0,0.0,6.399,67.8,71.6,1.068,1.066,13.083
2008,Loyola Chicago,99.019,102.741,0.395,10,29,44.5,51.0,32.2,35.9,19.8,21.1,33.7,33.2,60.8,45.4,48.4,28.2,37.2,8.2,9.7,45.5,57.6,30.2,34.6,60.393,77.247,79.508,1.964,0.0,0.0,7.15,71.6,74.0,0.964,1.04,17.578
2008,Navy,100.573,104.475,0.392,16,30,48.3,48.2,34.5,43.0,21.1,24.2,32.6,34.9,74.6,44.9,48.1,35.1,32.2,6.5,11.8,55.7,55.4,43.5,31.1,73.623,77.598,80.121,1.509,0.0,0.0,11.65,75.1,68.7,1.007,0.971,6.68
2008,Purdue Fort Wayne,98.897,102.831,0.39,11,29,50.6,50.0,39.0,37.2,20.2,18.4,20.1,31.8,67.5,49.4,49.7,35.4,34.0,8.6,9.0,55.4,53.1,33.4,28.8,66.578,76.7,79.701,2.087,0.0,0.0,5.439,73.0,70.2,0.973,1.043,21.603
2008,Central Connecticut,103.448,107.836,0.383,14,30,51.8,52.0,28.9,22.4,21.0,19.6,36.3,33.4,65.5,50.9,50.0,35.7,37.1,8.0,10.5,58.4,51.5,35.0,35.4,62.866,74.886,77.411,1.071,0.0,0.0,0.572,70.9,65.9,1.049,1.029,7.942
2008,St. Bonaventure,104.569,109.245,0.377,8,30,48.5,52.9,34.9,32.8,21.4,19.5,31.0,33.4,66.6,46.8,51.8,34.2,36.2,6.8,8.0,57.4,62.6,37.7,44.2,65.319,77.476,80.64,2.094,0.0,0.0,17.457,75.2,70.0,0.997,1.086,19.087
2008,Hofstra,97.176,101.935,0.366,12,30,48.0,47.1,35.0,38.7,23.6,18.9,33.9,30.6,68.2,47.3,45.6,33.3,33.4,15.1,9.1,42.2,63.0,26.7,34.6,67.278,76.967,80.224,1.551,0.0,0.0,12.582,67.2,71.3,0.957,1.0,12.178
2008,Florida Atlantic,101.589,106.609,0.365,15,33,51.1,51.6,53.4,37.5,22.8,19.8,30.8,29.5,70.8,49.0,50.2,37.4,35.9,6.4,9.1,53.3,52.6,30.3,39.0,68.959,76.714,79.654,1.811,0.0,0.0,2.419,67.4,70.8,1.009,1.043,13.774
2008,Fairfield,103.926,109.07,0.365,14,30,50.0,52.2,37.8,35.5,21.2,19.4,36.7,36.2,62.8,46.2,49.2,38.1,38.1,9.3,9.2,63.0,54.3,34.5,37.2,60.994,76.39,79.798,1.403,0.0,0.0,10.109,69.6,66.3,1.03,1.079,14.097
2008,Sacred Heart,100.003,105.146,0.36,18,32,50.2,50.1,27.9,40.8,20.4,23.7,30.8,35.6,70.1,49.6,49.5,34.2,34.2,7.7,7.7,56.0,49.4,35.7,32.4,68.672,76.643,78.994,2.065,0.0,0.0,4.966,73.4,71.0,1.017,1.012,8.476
2008,Wofford,104.014,109.444,0.358,12,28,49.2,52.9,38.4,32.2,19.4,17.3,31.9,32.0,63.3,45.1,52.3,37.5,36.1,6.3,11.4,54.4,47.8,36.2,34.4,61.686,75.807,79.242,1.506,0.0,0.0,7.789,65.8,64.9,1.022,1.091,21.32
2008,Boston University,96.492,101.551,0.357,14,31,47.3,50.2,32.8,42.0,21.6,22.4,31.0,31.8,64.7,45.4,50.6,33.3,33.0,8.0,12.7,60.4,56.9,41.6,37.8,63.375,76.282,79.225,1.191,0.0,0.0,14.024,67.9,70.2,0.97,0.998,11.186
2008,East Carolina,103.549,109.0,0.357,9,27,48.6,50.5,40.8,42.8,21.2,19.8,31.8,39.8,66.6,43.1,49.0,38.3,36.2,9.6,10.6,63.1,57.6,38.4,29.2,65.54,76.355,79.798,1.679,0.0,0.0,9.857,69.5,68.4,1.0,1.093,19.218
2008,Bowling Green,99.248,104.661,0.352,13,30,48.6,46.7,35.0,38.1,23.0,18.7,33.9,36.3,64.9,49.1,46.3,31.6,31.7,13.8,9.3,54.0,52.7,29.7,34.5,63.893,77.046,79.551,1.22,0.0,0.0,16.286,65.5,72.3,0.97,1.038,15.46
2008,Southeastern Louisiana,95.099,100.338,0.351,13,26,49.7,46.4,42.3,36.6,24.9,21.6,31.4,31.9,67.7,49.4,44.9,33.6,33.4,9.6,8.1,55.5,49.9,25.6,28.1,64.327,76.178,79.153,1.946,0.0,0.0,1.883,66.9,65.6,0.949,0.95,11.915
2008,Delaware,97.155,102.525,0.35,14,31,46.1,49.3,40.2,35.3,20.8,22.3,27.6,35.5,65.9,45.5,49.1,31.4,33.1,7.6,9.4,55.8,48.0,35.6,27.3,64.968,76.194,79.191,1.37,0.0,0.0,23.626,68.6,66.0,0.943,0.994,13.253
2008,Youngstown St.,97.197,102.594,0.349,7,28,48.0,52.5,34.9,34.6,21.4,20.5,25.6,30.5,68.1,47.2,51.9,33.2,35.8,7.8,7.5,54.5,56.9,31.3,32.9,68.109,76.274,78.901,1.906,0.0,0.0,15.268,62.5,69.0,0.929,1.039,21.194
2008,James Madison,102.677,108.424,0.348,13,30,51.0,54.0,40.7,39.5,23.6,23.3,36.6,35.5,70.3,49.9,53.4,35.9,36.9,5.8,7.8,51.2,48.1,28.3,31.9,68.911,76.522,79.258,1.64,0.0,0.0,29.13,72.1,65.3,1.033,1.047,11.425
2008,Evansville,96.342,101.751,0.348,8,29,46.8,52.5,38.4,39.3,22.0,21.4,28.8,32.4,63.1,42.6,51.1,38.9,36.5,2.8,11.5,58.1,63.1,26.9,37.2,63.148,75.787,79.062,1.3,0.0,0.0,0.633,68.5,70.8,0.945,1.051,21.02
2008,LIU,99.499,105.316,0.342,15,30,46.1,49.8,39.2,28.0,18.6,20.2,35.3,30.4,71.1,44.7,50.9,32.3,31.5,6.8,10.0,43.9,55.8,35.2,32.6,69.167,75.525,78.102,1.423,0.0,0.0,0.201,68.1,71.4,1.015,1.005,8.471
2008,Southern Utah,101.295,107.247,0.341,11,29,50.4,53.9,46.1,42.4,23.8,21.9,35.0,30.9,67.5,51.0,51.2,32.2,39.5,5.4,10.0,64.0,57.5,23.0,34.1,65.128,76.458,79.167,1.952,0.0,0.0,3.14,69.9,70.9,1.002,1.063,14.854
2008,Binghamton,98.731,104.534,0.341,14,30,48.6,50.4,31.3,40.0,20.9,22.1,34.8,35.1,64.7,47.8,50.1,33.5,33.9,7.3,8.2,50.3,55.9,31.0,32.3,62.779,75.523,79.155,1.777,0.0,0.0,0.2,73.2,69.3,1.014,1.027,9.169
2008,Alabama St.,101.116,107.122,0.34,17,28,50.8,46.3,32.5,38.5,19.4,17.9,34.6,30.3,66.8,49.9,43.7,35.1,35.0,9.6,7.8,55.7,51.2,31.7,29.7,63.942,77.705,80.179,1.97,0.0,0.0,4.205,64.6,64.1,1.048,0.974,8.817
2008,Hampton,92.678,98.275,0.338,18,30,46.1,44.3,46.3,37.8,24.7,25.5,38.5,37.0,68.2,45.5,44.7,31.5,28.9,10.6,8.2,50.0,53.4,33.9,31.3,67.313,76.115,79.997,1.573,0.0,0.0,11.836,60.1,67.4,0.948,0.911,10.338
2008,Liberty,101.742,107.939,0.336,13,29,54.7,51.3,30.7,35.0,20.5,19.8,26.2,31.2,65.2,54.2,51.6,36.8,33.7,4.2,11.3,64.9,57.9,46.3,37.7,62.611,75.704,78.77,1.958,0.0,0.0,7.465,74.4,70.5,1.057,1.048,10.859
2008,Jacksonville,101.571,107.876,0.333,17,30,49.0,51.5,43.2,36.7,23.5,22.9,38.0,35.5,69.4,49.5,51.9,32.0,34.0,8.3,9.4,52.6,56.2,31.0,36.0,66.103,75.511,78.919,1.091,0.0,0.0,16.077,73.3,66.8,1.02,1.029,14.26
2008,Utah Valley,103.019,109.472,0.332,13,27,52.1,50.7,31.7,34.0,21.0,21.0,32.7,34.1,65.1,49.6,49.1,37.5,35.5,8.2,7.8,51.6,54.7,37.6,38.6,61.071,76.399,78.706,2.041,0.0,0.0,1.161,74.5,71.5,1.054,1.042,10.407
2008,Hawaii,101.598,108.031,0.33,11,30,49.0,53.2,34.9,45.9,20.2,23.5,31.0,37.7,69.0,48.7,51.1,33.2,39.1,8.3,6.0,60.0,51.5,30.1,28.5,67.047,78.112,80.111,2.483,0.0,0.0,15.773,74.1,69.2,1.016,1.058,13.032
2008,Iona,94.501,100.581,0.328,12,32,48.6,49.3,33.9,47.0,24.6,23.8,34.8,34.0,68.8,49.3,46.6,31.4,35.7,10.3,11.1,56.7,58.1,33.0,38.4,66.536,76.514,79.458,1.894,0.0,0.0,2.595,69.2,69.8,0.95,1.0,15.261
2008,Tennessee St.,103.537,110.204,0.328,13,30,53.0,55.3,32.1,45.8,19.6,22.7,31.2,32.6,70.3,51.5,54.6,36.9,37.6,10.0,7.4,55.9,56.1,37.2,38.3,68.875,75.573,79.548,1.748,0.0,0.0,31.496,66.8,70.8,1.061,1.079,11.671
2008,Manhattan,101.268,107.921,0.325,12,31,48.3,53.8,38.5,43.4,19.8,21.8,32.6,32.8,68.2,45.9,51.8,35.4,38.7,8.8,8.8,45.9,53.8,32.8,31.9,66.185,76.151,78.229,0.806,0.0,0.0,4.718,66.2,67.5,1.011,1.039,9.394
2008,Ball St.,95.175,101.526,0.322,6,30,44.0,52.7,35.4,33.2,18.7,21.7,29.9,30.5,62.1,44.0,48.7,29.5,39.6,5.5,8.5,49.9,56.4,27.1,37.1,61.346,74.135,76.653,1.461,0.0,0.0,0.192,65.8,69.7,0.922,1.02,17.656
2008,Toledo,92.91,99.298,0.318,11,30,45.4,52.0,37.6,32.4,24.0,25.5,29.8,37.9,65.9,45.3,52.5,30.3,34.1,10.1,10.8,45.3,56.3,37.8,34.3,64.466,76.559,78.606,1.442,0.0,0.0,8.478,67.6,68.3,0.904,1.011,20.448
2008,Wagner,95.975,102.714,0.314,23,31,49.2,47.1,36.2,34.2,21.8,19.9,36.6,30.4,70.1,50.2,46.0,31.3,32.6,10.0,6.4,54.0,59.2,30.8,37.4,68.024,76.591,78.65,2.377,0.0,0.0,13.093,59.9,70.3,0.994,0.985,7.887
2008,Yale,99.008,106.337,0.305,12,27,50.8,52.5,36.0,40.0,22.2,21.8,30.5,30.7,67.0,50.5,50.6,34.2,37.6,9.9,7.9,56.1,58.8,36.0,32.8,65.693,77.493,80.202,2.118,0.0,0.0,6.049,69.9,72.0,1.002,1.041,16.289
2008,Towson,98.577,105.896,0.305,13,31,47.0,50.4,30.0,36.3,17.6,20.6,28.7,32.6,66.3,45.5,48.4,32.9,35.9,10.6,8.4,60.8,63.3,37.6,36.3,65.327,76.523,79.271,1.997,0.0,0.0,7.473,66.9,67.6,0.978,1.029,11.622
2008,Western Carolina,97.461,104.817,0.302,9,30,46.3,51.6,24.2,42.8,22.2,22.0,36.4,33.9,65.4,42.7,51.6,34.8,34.4,8.4,9.7,50.7,58.4,38.3,42.0,64.086,77.039,79.778,1.376,0.0,0.0,0.934,67.1,72.5,0.965,1.052,16.572
2008,Oregon St.,94.617,101.76,0.302,6,30,41.7,52.6,27.1,39.8,18.0,19.3,33.1,32.9,66.0,40.9,51.4,28.9,36.9,8.2,8.4,47.5,58.4,31.1,31.5,65.295,78.155,81.564,1.168,0.0,0.0,39.598,65.7,70.2,0.905,1.074,31.901
2008,Northern Colorado,97.843,105.324,0.3,11,27,49.2,52.3,42.1,38.9,24.8,22.0,34.1,29.3,68.7,47.8,49.8,34.5,37.5,4.5,10.3,54.3,55.6,34.2,38.8,68.571,74.833,78.818,1.483,0.0,0.0,3.714,71.4,71.6,0.988,1.021,11.082
2008,Denver,96.941,104.36,0.3,10,29,53.7,50.9,38.1,40.4,25.1,22.6,22.3,35.0,57.5,55.0,50.4,34.7,34.8,10.1,10.5,66.5,49.2,44.2,27.7,55.709,76.001,79.082,1.243,0.0,0.0,0.521,76.4,68.5,0.964,1.032,12.98
2008,Eastern Washington,95.346,102.81,0.296,9,28,46.9,52.8,31.8,38.8,20.9,22.6,27.3,31.9,65.6,45.6,52.7,32.6,35.5,5.0,11.1,52.4,61.8,40.8,34.9,64.641,75.537,78.789,1.654,0.0,0.0,7.6,72.0,66.1,0.944,1.025,17.299
2008,Detroit Mercy,99.381,107.209,0.295,6,29,48.5,53.4,25.6,39.3,20.6,20.9,29.8,32.5,60.8,43.4,52.8,38.1,36.1,8.4,8.8,52.9,54.1,37.1,40.5,60.458,74.936,77.725,1.767,0.0,0.0,0.548,67.2,71.8,0.963,1.084,17.633
2008,Hartford,101.361,109.384,0.294,18,34,53.3,52.7,38.4,34.3,21.4,23.3,25.8,37.6,68.8,50.2,48.1,38.1,39.5,8.2,8.6,60.7,55.7,45.1,41.7,66.984,75.64,78.542,1.386,0.0,0.0,0.2,67.6,69.0,1.018,1.068,11.941
2008,Troy,102.785,110.99,0.293,10,29,48.7,54.2,31.6,27.8,17.8,22.0,27.4,38.0,72.1,45.5,53.8,34.7,36.5,8.4,7.3,49.8,59.1,49.6,38.8,70.971,76.673,79.968,2.217,0.0,0.0,10.936,73.4,70.5,1.023,1.091,13.369
2008,Pepperdine,97.672,105.528,0.291,10,31,46.6,55.6,35.1,32.1,22.6,25.0,32.2,36.8,75.1,47.3,53.0,30.2,40.6,9.6,9.7,48.0,61.8,37.6,32.2,73.536,76.8,80.086,0.995,0.0,0.0,14.798,69.3,69.1,0.955,1.052,20.193
2008,Bucknell,94.798,102.434,0.291,12,31,48.8,48.1,36.2,40.9,24.0,21.1,29.8,33.1,64.0,47.7,48.1,33.7,32.1,8.6,9.0,59.5,54.8,39.6,38.5,62.441,75.984,79.974,1.518,0.0,0.0,5.016,68.2,70.8,0.951,0.999,11.244
2008,Lehigh,94.755,102.419,0.29,14,29,46.1,48.9,37.3,37.2,20.2,21.7,29.2,31.0,65.5,43.8,43.6,35.2,40.0,9.2,7.1,57.1,61.0,25.9,31.9,64.772,75.556,79.662,1.33,0.0,0.0,12.36,73.3,67.1,0.961,0.985,8.83
2008,Montana St.,102.949,111.351,0.289,13,28,50.7,52.3,37.6,44.2,20.3,20.1,32.4,30.2,68.5,48.8,51.2,36.0,36.3,8.6,9.0,52.0,50.8,36.7,33.8,66.491,75.998,79.905,2.235,0.0,0.0,2.783,73.8,76.1,1.047,1.076,11.994
2008,Quinnipiac,103.505,111.956,0.289,15,30,51.2,50.9,33.4,37.2,21.1,17.5,35.7,29.3,68.7,48.5,49.1,39.2,36.3,6.5,6.8,54.3,54.2,25.7,34.0,66.774,75.692,79.319,1.517,0.0,0.0,3.777,70.5,69.4,1.046,1.059,8.08
2008,UMKC,99.379,107.512,0.288,9,30,48.0,54.0,35.3,51.2,20.6,22.2,30.6,34.4,67.2,41.6,51.0,37.8,40.0,10.1,10.9,54.3,62.1,41.7,32.9,66.103,76.572,79.983,1.682,0.0,0.0,0.2,73.5,71.6,0.994,1.091,16.734
2008,McNeese St.,95.215,103.183,0.284,10,26,46.1,45.8,34.1,41.0,25.9,18.3,36.3,31.5,68.4,44.9,42.4,32.5,35.2,16.0,8.9,52.4,54.2,29.1,33.2,65.544,75.871,79.682,2.212,0.0,0.0,0.2,68.6,70.3,0.925,0.995,13.702
2008,Georgia St.,97.545,105.825,0.282,9,30,47.9,52.3,32.3,43.0,23.5,21.3,36.1,30.6,63.3,44.5,52.0,37.0,35.3,7.2,9.0,47.0,57.5,30.3,36.3,62.359,76.83,79.556,1.437,0.0,0.0,12.111,64.3,69.7,0.965,1.038,11.755
2008,Tennessee Martin,104.521,113.455,0.28,15,31,51.0,52.8,33.6,28.4,19.6,18.7,33.4,34.4,70.2,50.7,53.1,34.3,34.9,6.2,10.4,51.3,61.6,44.9,37.6,68.869,76.228,79.483,1.375,0.0,0.0,1.429,69.4,69.4,1.062,1.089,12.101
2008,Colorado St.,100.7,109.388,0.279,6,30,48.3,52.3,28.3,35.2,19.9,16.0,26.3,35.0,64.9,47.7,50.9,33.0,36.6,8.7,10.6,49.8,59.5,34.3,35.6,63.95,76.502,80.178,1.03,0.0,0.0,24.352,72.9,72.3,0.962,1.116,23.425
2008,Tennessee Tech,98.423,106.989,0.277,11,30,49.7,52.0,45.6,34.8,23.2,21.4,36.4,32.0,72.3,50.4,50.7,32.2,36.4,9.9,7.5,53.5,54.6,30.4,32.6,70.383,77.005,79.942,2.025,0.0,0.0,10.968,65.4,69.0,1.009,1.033,10.062
2008,Nicholls St.,92.885,101.023,0.276,9,30,47.8,53.2,35.4,43.3,25.3,26.8,29.8,35.4,68.3,45.9,50.9,33.4,37.6,6.5,13.5,60.2,58.7,44.8,41.4,65.275,76.326,79.246,1.291,0.0,0.0,0.2,66.4,67.9,0.916,1.009,17.543
2008,UT Rio Grande Valley,104.102,113.3,0.274,13,26,53.8,54.6,40.2,34.5,19.0,22.6,27.6,34.3,66.6,50.4,55.8,39.6,34.8,3.0,9.3,64.7,49.3,37.3,33.9,62.718,74.944,78.222,2.428,0.0,0.0,0.202,71.3,69.3,1.07,1.068,8.899
2008,Northwestern St.,97.829,106.51,0.273,12,29,48.5,52.9,34.4,46.4,25.2,23.6,32.8,34.2,75.1,47.9,51.0,33.0,37.7,12.0,7.3,58.8,59.4,33.9,34.2,72.679,76.208,79.801,1.89,0.0,0.0,5.542,70.1,68.4,0.942,1.045,14.258
2008,San Francisco,98.501,107.411,0.27,9,30,48.3,54.5,32.1,41.7,22.6,23.8,33.0,33.8,68.0,48.0,54.9,32.7,35.8,8.0,7.0,49.9,52.8,27.2,35.7,66.563,77.327,79.724,1.475,0.0,0.0,18.97,70.4,69.8,0.969,1.055,17.637
2008,Texas St.,100.287,109.392,0.269,10,26,47.0,53.9,42.8,56.9,21.6,24.1,36.6,34.8,79.9,43.3,56.4,36.0,32.5,3.8,12.3,55.3,61.3,34.1,32.3,78.684,76.408,79.891,1.753,0.0,0.0,5.406,65.1,64.3,0.997,1.043,11.672
2008,FIU,92.289,100.745,0.267,8,28,48.2,50.6,40.6,44.4,27.0,21.3,32.6,31.4,69.2,47.7,46.4,33.1,39.7,10.5,8.2,54.0,53.7,25.8,31.5,66.876,77.274,81.78,1.634,0.0,0.0,14.766,66.0,66.1,0.917,1.012,15.177
2008,Western Illinois,97.502,106.527,0.265,10,28,46.6,51.2,42.4,49.5,20.7,20.0,31.9,33.0,68.1,44.2,49.9,35.2,36.0,6.2,8.9,50.0,61.3,27.2,31.0,66.248,76.386,79.266,1.751,0.0,0.0,0.2,69.5,69.5,0.973,1.068,16.525
2008,Drexel,89.698,98.193,0.261,12,32,45.6,47.3,37.5,34.8,23.5,21.9,28.3,32.2,65.9,45.0,46.3,31.3,33.0,8.7,9.6,61.1,56.8,31.8,31.6,64.776,76.173,80.082,1.673,0.0,0.0,9.018,62.9,69.6,0.889,0.963,11.503
2008,Columbia,95.711,104.87,0.259,13,28,48.8,48.5,34.5,40.8,21.9,19.2,28.7,29.5,63.4,48.2,49.9,33.0,30.8,4.9,9.3,61.8,53.8,40.3,38.5,62.168,76.339,79.56,2.238,0.0,0.0,12.557,72.4,73.4,0.979,1.012,9.861
2008,San Jose St.,97.206,106.659,0.256,13,32,46.5,51.5,37.5,31.4,22.2,18.1,37.8,31.0,68.2,46.0,50.0,32.2,36.4,7.0,6.9,48.3,58.2,22.4,32.8,66.898,77.422,80.759,1.541,0.0,0.0,10.106,67.2,65.7,0.971,1.049,13.5
2008,VMI,103.195,113.423,0.252,10,25,50.8,57.8,28.3,31.0,18.8,24.3,31.5,37.5,79.0,53.7,58.9,31.9,37.4,5.9,9.5,54.0,61.7,50.5,36.4,78.057,75.822,78.272,1.47,0.0,0.0,0.807,69.7,61.3,1.053,1.08,9.057
2008,Louisiana Monroe,100.311,110.277,0.252,7,28,49.3,52.8,40.3,38.7,23.3,20.0,31.4,37.8,67.3,47.7,50.6,34.2,38.2,6.4,9.3,48.7,56.3,44.7,32.7,66.157,74.987,78.034,2.017,0.0,0.0,1.495,71.6,69.3,0.987,1.104,19.818
2008,Army,88.892,97.786,0.25,14,30,48.0,48.8,30.0,43.4,24.4,26.8,27.6,33.0,64.8,48.5,46.4,31.3,34.6,7.5,8.5,63.1,59.9,29.8,43.8,63.278,75.08,77.89,1.673,0.0,0.0,1.79,68.0,70.5,0.903,0.95,8.555
2008,Arkansas St.,103.028,113.356,0.25,8,28,51.3,56.9,31.8,39.9,20.8,21.8,31.5,35.2,66.3,47.3,53.2,40.1,42.2,6.2,8.5,48.6,44.1,31.6,36.9,64.927,75.644,78.431,1.855,0.0,0.0,8.005,72.1,70.9,1.033,1.123,14.736
2008,Texas A&M Corpus Chris,95.874,105.499,0.25,9,29,46.4,48.0,40.8,45.2,27.1,19.3,39.6,34.1,67.1,48.0,44.3,28.8,36.6,11.8,7.4,50.8,60.5,32.2,34.3,64.104,78.232,82.243,0.971,0.0,0.0,12.591,65.1,71.1,0.947,1.035,13.011
2008,Northern Illinois,95.477,105.078,0.249,6,28,46.4,52.6,36.5,44.9,25.7,20.6,34.5,33.1,70.6,47.2,48.0,29.8,40.3,10.3,8.0,49.9,54.6,30.5,36.8,70.357,76.238,78.992,1.677,0.0,0.0,3.048,68.0,68.7,0.927,1.064,17.192
2008,Chicago St.,100.652,110.929,0.246,8,25,49.9,53.2,29.7,36.5,22.6,20.6,31.5,38.3,72.3,48.6,49.8,34.8,40.3,10.0,10.1,51.7,59.2,36.5,32.0,71.66,75.087,79.914,1.685,0.0,0.0,0.2,67.8,70.5,0.98,1.106,21.549
2008,South Dakota St.,97.743,107.962,0.242,7,28,48.4,51.0,37.1,40.7,23.4,17.0,36.0,31.7,65.8,48.0,47.2,33.0,41.5,6.0,9.7,52.7,53.4,30.1,25.3,64.714,76.207,78.679,1.115,0.0,0.0,0.2,71.7,69.4,0.991,1.078,11.436
2008,Portland,96.613,106.982,0.236,8,30,48.2,52.3,29.1,41.6,23.4,19.1,32.5,28.2,65.7,47.7,49.5,32.7,38.3,6.4,10.3,53.6,58.7,35.3,35.7,63.582,77.531,80.606,0.96,0.0,0.0,5.93,71.0,68.3,0.953,1.056,15.156
2008,SMU,94.738,104.948,0.236,8,28,47.4,51.0,35.0,29.8,23.8,20.0,28.2,33.8,67.2,45.9,47.8,33.3,37.5,11.2,8.8,58.2,51.8,36.0,37.7,64.794,78.165,81.965,1.449,0.0,0.0,31.396,66.4,70.3,0.915,1.049,19.355
2008,Saint Peter's,94.759,105.252,0.23,6,30,47.0,49.1,31.0,39.1,22.6,19.3,35.1,35.5,69.3,44.3,47.7,34.8,34.8,11.8,10.9,44.2,58.4,33.9,32.8,67.258,75.323,78.23,1.201,0.0,0.0,4.168,66.3,67.0,0.959,1.043,10.711
2008,Stetson,92.801,103.366,0.224,15,31,47.0,49.5,41.4,43.1,23.2,22.8,33.0,33.5,68.0,45.3,49.9,33.4,32.3,6.4,10.2,39.8,49.6,35.1,31.0,64.634,75.976,78.517,1.479,0.0,0.0,7.013,67.3,67.5,0.942,0.986,11.367
2008,Delaware St.,99.996,111.403,0.224,12,28,48.3,54.4,25.8,36.1,19.2,22.1,31.8,36.6,57.5,46.6,55.4,34.0,35.0,5.5,8.3,52.8,54.8,38.4,33.3,55.766,75.83,78.278,1.543,0.0,0.0,15.974,71.4,68.5,1.004,1.077,15.085
2008,Cal Poly,94.057,104.801,0.224,11,29,45.8,52.0,33.2,38.6,19.3,20.9,28.9,31.1,67.0,48.1,48.5,28.0,38.8,8.7,6.7,49.4,63.8,38.0,35.9,65.269,75.93,79.19,2.009,0.0,0.0,11.564,66.2,72.6,0.938,1.039,14.601
2008,New Hampshire,96.287,107.34,0.223,8,28,47.1,52.8,33.5,39.1,19.7,22.1,30.3,30.6,66.9,39.7,49.6,37.3,39.3,6.2,11.8,54.7,48.3,45.4,34.3,65.51,76.316,79.855,1.111,0.0,0.0,3.059,69.2,69.9,0.984,1.04,8.77
2008,Centenary,97.701,109.106,0.219,9,30,49.3,53.7,37.9,46.7,21.9,22.0,27.5,36.1,69.9,45.7,53.2,37.7,36.4,7.4,10.7,53.4,58.1,33.3,32.6,67.734,75.66,80.059,1.146,0.0,0.0,0.201,71.4,71.2,0.972,1.091,15.629
2008,Eastern Kentucky,96.936,108.386,0.217,12,28,52.1,55.3,26.2,33.5,20.7,23.6,24.8,33.5,62.6,50.5,52.9,35.9,39.9,7.0,10.3,64.6,61.4,46.8,35.2,60.178,77.316,79.393,1.624,0.0,0.0,0.92,71.7,66.0,0.998,1.051,9.855
2008,Coastal Carolina,98.178,110.523,0.204,10,25,50.1,52.4,29.6,27.4,19.6,17.7,29.6,33.1,65.8,47.3,50.2,36.0,37.1,5.6,9.6,60.8,56.5,40.8,40.9,64.04,75.999,77.718,1.983,0.0,0.0,0.194,67.5,69.8,1.012,1.096,10.425
2008,Penn,95.835,108.235,0.198,13,31,47.5,52.2,40.0,40.1,22.5,20.9,32.5,33.1,70.1,47.3,48.9,31.9,39.8,10.3,8.7,57.7,54.7,28.5,30.6,68.553,77.745,79.946,1.363,0.0,0.0,7.691,67.9,69.8,0.961,1.058,13.209
2008,UTSA,93.657,105.896,0.196,9,26,46.6,54.1,40.7,41.5,23.2,27.1,29.9,38.1,65.3,44.6,54.7,33.3,35.2,3.8,8.7,51.3,51.0,36.8,30.6,62.897,76.411,79.578,1.871,0.0,0.0,8.504,65.6,73.0,0.925,1.031,15.127
2008,Harvard,98.308,111.265,0.194,8,30,50.1,52.1,36.6,29.3,22.0,19.3,31.6,35.1,68.5,51.0,52.2,32.1,34.5,7.5,11.0,55.4,52.7,32.0,31.1,67.357,75.666,79.187,1.349,0.0,0.0,13.388,73.7,74.0,0.993,1.078,10.784
2008,Mercer,96.371,109.196,0.192,10,29,48.0,49.0,35.0,28.3,20.4,18.8,34.5,36.5,74.6,48.2,46.5,31.6,35.7,12.2,8.8,46.3,57.8,29.8,34.9,70.778,76.756,79.144,1.745,0.0,0.0,26.495,66.9,67.1,1.005,1.043,9.123
2008,Idaho,95.58,108.347,0.191,7,28,47.9,52.6,30.5,47.7,23.6,20.9,32.4,33.5,66.3,44.9,52.6,35.5,35.0,7.9,9.4,52.8,54.2,35.9,30.8,64.623,77.308,80.257,2.377,0.0,0.0,0.2,59.8,74.6,0.94,1.076,16.272
2008,Central Arkansas,91.845,104.178,0.19,10,26,43.5,48.1,41.1,39.2,22.1,20.3,32.7,32.8,68.4,42.5,45.0,30.2,36.7,11.8,12.4,40.6,56.4,33.1,31.2,65.581,75.7,79.309,1.95,0.0,0.0,1.146,69.7,66.2,0.931,0.996,9.803
2008,USC Upstate,92.08,104.631,0.187,6,28,46.2,51.3,37.0,40.4,22.8,22.9,28.2,36.1,68.0,44.7,50.8,32.5,34.8,7.4,7.2,58.1,56.6,36.0,35.1,64.355,75.894,80.191,1.384,0.0,0.0,0.2,61.7,66.9,0.905,1.033,13.798
2008,UC Riverside,93.399,106.269,0.185,8,29,45.9,53.1,39.8,43.8,23.8,20.3,31.7,27.7,64.6,46.2,51.1,30.0,37.6,6.3,8.4,52.3,55.0,27.0,38.1,62.102,75.821,78.165,1.574,0.0,0.0,16.292,69.0,73.4,0.91,1.049,15.923
2008,Morehead St.,93.917,106.895,0.184,13,28,47.9,55.5,40.0,44.4,22.9,22.9,32.3,27.5,64.8,46.4,51.2,33.8,41.4,6.3,10.1,61.7,64.6,35.3,39.0,62.796,75.664,77.562,1.563,0.0,0.0,2.557,71.2,69.7,0.973,1.049,11.283
2008,Norfolk St.,95.422,108.848,0.18,16,31,48.2,49.5,29.8,44.9,22.0,22.6,35.9,35.7,70.1,49.5,47.0,30.1,36.4,9.4,7.2,41.7,55.3,28.0,33.3,68.875,76.466,79.436,2.209,0.0,0.0,0.2,66.5,65.3,0.989,1.003,6.691
2008,Furman,93.462,106.895,0.176,7,30,47.3,52.9,29.4,28.8,21.8,19.0,25.8,32.7,66.1,45.5,52.7,33.2,35.5,5.8,14.2,56.3,57.3,42.6,36.4,64.609,76.51,80.256,0.793,0.0,0.0,7.346,70.9,69.8,0.927,1.08,15.15
2008,Idaho St.,95.251,108.985,0.175,10,29,47.5,51.0,35.4,40.7,23.5,18.9,32.2,35.6,61.7,47.9,47.6,31.1,37.3,9.2,9.5,53.4,62.7,29.9,40.1,60.306,77.928,80.053,1.602,0.0,0.0,0.2,69.7,72.9,0.944,1.102,16.699
2008,Campbell,95.281,109.023,0.175,9,29,48.1,52.8,42.9,41.2,23.2,22.2,35.2,33.0,71.6,46.3,50.9,34.5,37.2,8.1,14.2,63.4,64.2,33.3,39.1,68.205,76.315,78.498,1.49,0.0,0.0,0.2,70.0,65.6,0.988,1.047,7.19
2008,Coppin St.,92.351,105.737,0.174,14,35,43.5,50.4,36.6,39.9,22.2,24.9,31.7,38.3,64.2,42.0,49.1,32.0,34.9,6.7,11.2,45.4,60.3,24.4,37.8,62.148,76.401,79.214,1.986,0.0,0.0,4.12,71.2,65.9,0.906,1.014,15.835
2008,Savannah St.,86.302,98.904,0.173,10,27,44.3,48.7,37.0,54.0,28.9,25.2,32.4,34.7,67.9,40.7,47.2,36.9,34.8,8.8,11.6,50.8,54.8,24.5,31.1,66.777,75.719,79.003,1.679,0.0,0.0,2.44,67.3,68.1,0.834,0.986,18.263
2008,Stony Brook,92.136,105.654,0.172,7,30,43.8,50.5,31.4,39.8,20.3,22.9,35.6,35.8,64.3,41.6,47.7,33.1,36.1,7.2,9.2,39.3,64.7,27.1,43.6,62.613,75.485,78.533,2.011,0.0,0.0,19.995,68.8,67.4,0.94,1.023,9.362
2008,Samford,96.235,110.719,0.166,12,28,54.8,51.3,32.0,28.7,22.9,18.6,23.4,32.7,57.4,58.1,49.8,34.6,35.9,5.5,10.7,72.1,47.3,53.6,37.5,55.032,77.143,80.063,1.453,0.0,0.0,1.32,66.6,73.2,0.993,1.074,9.209
2008,Presbyterian,94.837,109.117,0.166,2,27,50.0,57.8,25.5,31.3,25.0,22.0,26.0,34.6,61.1,45.8,57.0,36.0,39.6,4.0,14.4,61.1,62.5,51.3,34.0,59.761,74.927,77.902,1.343,0.0,0.0,5.847,65.5,68.6,0.91,1.12,26.744
2008,Rice,86.629,99.701,0.166,3,30,41.2,48.5,39.0,43.0,27.7,22.6,34.1,35.3,68.1,41.3,47.5,27.3,33.6,8.8,8.2,50.5,61.4,24.5,34.9,65.702,77.014,80.551,1.354,0.0,0.0,22.597,64.8,71.4,0.821,1.013,21.851
2008,St. Francis NY,91.948,105.958,0.164,7,29,46.1,53.0,32.4,34.1,22.7,22.5,34.5,30.5,70.1,46.0,52.9,30.8,35.6,5.1,7.3,51.5,59.5,33.0,33.0,68.081,74.762,78.225,1.893,0.0,0.0,16.375,63.5,70.2,0.938,1.027,7.881
2008,Florida A&M,93.701,108.185,0.161,13,30,47.2,51.8,31.5,33.0,22.2,22.7,28.8,36.3,67.6,44.4,52.4,34.6,33.8,4.9,10.6,54.5,51.7,36.8,31.5,66.539,74.345,78.492,2.183,0.0,0.0,1.034,62.2,64.4,0.927,1.024,15.824
2008,Radford,94.807,109.57,0.159,8,28,47.3,52.5,41.2,39.5,23.7,18.2,33.5,33.2,69.8,47.0,50.4,32.0,37.0,8.4,8.3,51.1,61.0,30.5,41.3,68.431,76.059,79.565,1.291,0.0,0.0,0.507,68.8,68.4,0.957,1.102,13.668
2008,Monmouth,92.04,106.538,0.157,7,31,47.0,50.2,30.8,42.8,22.2,22.7,24.8,37.2,63.7,46.1,50.6,32.1,33.1,6.8,10.6,58.4,59.7,43.6,40.1,61.004,75.622,78.778,0.899,0.0,0.0,0.2,68.6,70.8,0.914,1.036,9.581
2008,Canisius,93.772,108.833,0.153,6,31,46.4,50.1,27.9,40.5,23.4,17.5,34.2,37.5,67.0,43.7,48.1,33.7,35.8,11.5,10.3,53.0,58.8,40.3,35.2,64.313,74.998,78.401,0.713,0.0,0.0,4.541,64.9,69.0,0.927,1.093,11.561
2008,Long Beach St.,95.266,110.58,0.153,6,31,49.3,52.9,35.2,31.4,24.5,19.2,28.1,33.6,65.3,47.3,51.4,35.1,37.0,6.3,8.0,63.5,56.0,37.7,35.4,63.094,75.882,79.551,1.562,0.0,0.0,6.473,74.3,71.1,0.945,1.089,12.499
2008,Princeton,92.939,107.894,0.152,5,27,49.1,52.0,28.2,42.3,23.6,20.1,27.6,31.6,60.3,50.4,53.3,31.7,32.7,5.1,8.9,58.3,52.3,44.0,30.3,58.877,77.28,79.432,1.926,0.0,0.0,0.984,70.2,70.6,0.935,1.056,11.255
2008,Mississippi Valley St.,90.671,105.285,0.152,15,31,43.4,49.8,40.3,36.9,21.7,22.8,32.2,34.6,65.5,40.7,50.9,34.2,31.6,7.5,9.8,52.7,51.2,24.8,31.5,63.225,75.534,78.682,2.49,0.0,-0.013,0.2,66.9,65.7,0.912,1.0,14.921
2008,Kennesaw St.,93.744,108.915,0.151,9,29,46.3,52.4,36.2,41.7,24.6,26.7,36.5,41.7,72.3,46.1,52.9,31.0,34.1,9.6,8.9,50.8,57.1,39.3,29.9,68.776,77.249,79.531,1.469,0.0,0.0,0.2,65.1,65.2,0.939,1.028,8.378
2008,Fairleigh Dickinson,98.439,114.497,0.15,8,28,49.1,52.9,37.2,28.3,20.1,17.1,27.4,37.6,69.6,46.2,49.6,35.5,40.6,6.6,10.4,49.6,53.9,40.4,28.9,67.255,75.528,79.306,1.883,0.0,0.0,0.2,71.3,65.5,1.002,1.118,11.065
2008,Southeast Missouri St.,95.352,111.064,0.148,10,29,50.2,51.2,39.5,43.9,23.5,20.0,32.9,34.0,75.3,49.5,48.9,34.5,36.7,10.6,7.6,50.4,62.2,32.4,38.4,74.885,76.445,79.643,1.696,0.0,0.0,9.956,66.5,71.0,0.987,1.075,10.872
2008,Florida Gulf Coast,93.396,108.995,0.145,10,31,47.7,53.8,33.6,36.2,25.0,23.6,35.5,35.6,70.1,45.7,51.7,34.2,38.1,8.5,8.5,58.5,62.8,36.1,37.9,67.893,77.735,80.971,2.493,0.0,0.0,0.194,64.2,65.4,0.93,1.04,13.027
2008,North Carolina A&T,94.812,111.147,0.138,11,27,50.4,51.4,42.1,31.6,25.2,19.9,31.6,33.6,68.8,50.7,53.5,33.3,32.2,8.8,11.2,48.4,51.3,36.4,40.2,67.951,75.946,79.276,2.385,0.0,0.0,0.354,61.5,64.4,0.949,1.051,16.41
2008,Saint Francis,95.601,112.304,0.136,5,28,46.6,53.4,38.3,32.9,23.1,18.9,32.5,32.5,63.9,44.4,52.6,33.5,36.7,6.3,12.4,53.5,52.1,36.8,31.1,61.675,75.718,79.216,1.669,0.0,0.0,0.759,72.4,74.5,0.965,1.091,9.791
2008,Charleston Southern,98.264,115.672,0.133,6,26,49.2,54.5,26.2,35.8,20.5,17.2,30.7,33.3,70.9,45.0,55.8,36.7,35.0,5.3,10.6,50.8,58.8,41.4,38.4,68.595,75.958,79.11,0.999,0.0,0.0,6.481,66.7,66.5,0.99,1.127,11.059
2008,Jackson St.,92.537,108.94,0.133,14,34,45.5,51.4,41.9,40.1,22.6,22.5,33.7,33.9,72.6,44.8,50.3,31.7,35.8,8.1,9.9,50.7,53.6,27.3,31.0,70.693,76.041,79.57,1.714,0.0,0.0,3.856,67.5,67.3,0.945,1.019,10.414
2008,Dartmouth,91.433,107.695,0.132,9,27,45.7,53.1,27.3,41.1,20.6,20.9,31.3,33.1,66.4,45.5,53.2,31.0,35.2,8.0,7.7,50.3,52.0,24.2,27.1,65.036,75.485,79.495,1.774,0.0,0.0,2.206,66.3,69.8,0.933,1.044,7.969
2008,South Carolina St.,95.327,112.312,0.132,12,32,48.0,49.4,36.3,39.6,24.5,19.6,37.2,35.7,72.2,46.9,48.4,33.7,34.5,9.6,7.3,55.1,49.9,31.0,31.9,70.392,75.12,78.455,1.587,0.0,0.0,6.75,60.5,67.1,0.963,1.046,8.704
2008,Jacksonville St.,96.982,114.611,0.128,5,27,51.1,52.7,32.8,39.9,20.7,20.2,29.0,37.9,70.1,47.6,52.4,37.7,35.6,8.5,11.7,63.9,58.3,39.1,32.2,67.999,73.896,78.39,1.365,0.0,0.0,1.994,60.3,68.5,0.999,1.097,5.495
2008,Alabama A&M,87.952,103.976,0.127,11,26,43.4,47.4,39.1,40.5,22.7,26.0,33.0,36.1,70.8,40.5,45.3,32.9,35.1,14.3,14.3,44.7,55.4,32.3,28.2,68.103,75.844,79.514,1.418,0.0,0.0,7.53,68.7,69.8,0.907,0.955,8.523
2008,Eastern Illinois,95.688,113.356,0.125,6,28,49.2,52.2,32.2,41.3,22.8,18.4,32.1,32.1,62.9,46.3,47.5,37.6,39.5,6.4,7.9,59.3,60.1,28.4,39.9,61.676,76.369,79.503,2.081,0.0,0.0,7.86,72.9,70.0,0.984,1.091,6.155
2008,Cal St. Bakersfield,95.328,113.24,0.121,8,29,46.0,55.6,31.2,31.8,19.4,19.7,34.1,34.4,67.6,43.3,55.5,34.4,37.2,4.9,6.8,50.1,58.9,32.2,36.4,65.53,75.765,78.749,1.387,0.0,0.0,0.193,68.0,69.0,0.977,1.102,9.701
2008,Southern,88.998,105.813,0.12,10,28,45.1,48.4,41.8,32.7,22.7,21.0,28.9,32.6,66.6,41.7,48.0,35.1,32.8,8.8,12.8,47.0,57.8,31.8,36.7,63.54,76.501,79.416,1.776,0.0,0.0,5.798,67.2,64.9,0.912,0.985,9.592
2008,Louisiana Tech,92.585,110.329,0.117,6,30,44.7,54.6,31.8,35.0,19.4,22.2,24.1,36.5,66.3,42.2,55.9,33.4,34.0,5.4,9.1,40.1,52.7,32.1,26.6,63.84,74.724,77.643,1.442,0.0,0.0,5.787,73.7,67.7,0.914,1.08,11.647
2008,UC Davis,97.087,116.026,0.114,7,29,51.0,55.6,34.1,31.9,23.8,20.5,22.5,37.1,64.7,50.0,56.4,34.9,36.1,6.7,9.9,60.4,56.6,42.5,33.6,62.883,77.408,80.194,1.291,0.0,0.0,13.394,79.2,69.5,0.956,1.125,14.886
2008,Maine,90.413,108.187,0.113,6,29,46.6,50.3,40.0,35.0,27.2,19.6,33.9,33.1,68.8,44.7,48.2,33.8,36.2,7.0,9.1,53.7,59.1,30.6,34.3,67.553,77.861,79.931,1.208,0.0,0.0,0.2,68.0,73.1,0.906,1.05,11.101
2008,Bethune Cookman,91.885,110.436,0.108,9,29,48.5,49.2,42.0,38.8,25.4,23.4,31.6,38.7,59.3,47.9,49.7,33.5,32.2,7.0,8.3,50.0,53.5,26.0,33.3,57.967,75.593,77.345,1.957,0.0,0.0,0.2,68.4,66.8,0.939,1.013,7.673
2008,Winston Salem St.,88.823,106.855,0.107,10,28,43.8,48.7,35.0,36.3,23.1,22.9,33.4,37.1,68.3,43.8,50.1,29.2,30.7,8.0,11.2,47.3,52.1,31.8,33.8,65.945,75.43,78.694,1.557,0.0,0.0,0.731,62.0,68.8,0.896,0.988,9.974
2008,Longwood,96.059,115.865,0.104,6,28,45.2,56.3,31.7,39.3,23.0,23.2,34.5,34.5,70.6,40.0,54.6,35.8,39.8,5.9,9.6,62.8,56.6,37.9,33.7,67.505,75.811,78.81,1.977,0.0,0.0,0.2,66.7,71.8,0.932,1.099,13.033
2008,The Citadel,94.087,114.773,0.092,2,26,48.2,58.3,18.9,31.9,19.6,19.8,23.6,35.1,64.2,41.0,57.4,38.1,40.0,3.3,13.2,52.6,61.2,45.0,35.3,62.547,75.432,77.732,0.249,0.0,0.0,0.226,67.7,71.3,0.927,1.173,17.734
2008,Arkansas Pine Bluff,87.385,107.264,0.087,11,29,44.2,46.0,30.1,39.1,21.1,19.2,29.4,31.1,65.7,43.1,44.8,31.1,32.6,13.1,9.1,49.8,47.5,30.6,30.9,62.979,76.442,79.73,2.175,0.0,0.0,0.195,62.0,69.7,0.894,0.974,8.348
2008,Prairie View A&M,90.187,112.03,0.076,7,29,47.2,50.8,39.4,50.9,25.9,21.5,32.5,36.9,72.5,47.9,48.0,30.4,38.4,10.5,9.8,48.6,53.6,29.5,30.1,69.657,76.394,79.38,2.024,0.0,0.0,0.858,60.3,64.6,0.898,1.059,13.209
2008,Sacramento St.,90.451,112.391,0.076,2,26,44.2,57.5,32.3,42.5,20.9,23.7,29.6,38.4,70.1,42.3,57.5,32.2,38.2,7.4,12.5,50.3,65.2,31.1,34.9,69.029,75.841,78.684,1.739,0.0,0.0,6.299,60.8,68.9,0.894,1.115,16.831
2008,Loyola Marymount,88.834,111.243,0.07,5,31,45.1,55.3,37.1,40.7,25.6,20.6,28.1,33.4,70.9,43.7,54.7,32.0,37.7,5.8,10.4,59.4,58.6,33.8,30.9,69.049,77.084,80.906,1.07,0.0,0.0,0.172,64.1,68.8,0.863,1.095,16.578
2008,Texas Southern,87.236,110.375,0.063,7,32,44.5,52.2,30.3,34.3,22.1,22.3,26.5,38.8,70.3,42.5,50.9,31.9,36.6,5.1,8.5,50.4,53.6,37.3,33.5,67.776,75.469,77.017,1.753,0.0,0.0,3.994,65.0,64.2,0.884,1.052,12.352
2008,North Florida,85.411,108.504,0.06,2,28,42.8,50.7,36.2,52.7,24.7,21.2,31.5,35.1,68.9,43.2,48.5,27.8,36.9,9.4,9.8,50.5,55.1,29.7,32.2,65.424,76.632,79.043,1.505,0.0,0.0,2.617,61.0,67.9,0.849,1.055,13.319
2008,Grambling St.,90.85,115.528,0.059,7,24,46.6,48.2,31.4,42.2,23.4,16.4,32.9,33.0,70.8,45.1,47.7,33.4,32.9,6.3,10.7,51.2,47.5,28.6,28.4,68.585,75.828,78.801,1.326,0.0,0.0,0.255,61.6,69.7,0.913,1.068,8.414
2008,Alcorn St.,92.184,117.502,0.058,6,29,46.8,54.7,35.7,46.9,23.8,20.5,32.1,33.2,71.3,44.6,53.3,34.5,39.1,3.8,8.7,40.5,45.4,30.7,26.3,69.191,76.663,79.092,2.024,0.0,0.0,2.145,69.2,68.4,0.929,1.091,8.46
2008,North Carolina Central,83.626,106.838,0.056,3,26,41.5,53.9,31.8,39.3,29.1,21.0,27.8,39.1,71.6,40.0,54.3,29.7,35.5,6.3,12.3,59.5,62.0,32.3,35.6,69.923,75.455,78.53,1.541,0.0,0.0,0.2,63.7,70.6,0.765,1.116,27.022
2008,Howard,84.919,108.727,0.055,6,32,45.9,50.1,36.5,30.9,26.6,18.6,30.0,36.5,66.6,47.1,48.2,28.9,36.1,10.8,6.7,46.4,55.3,32.1,30.8,63.921,77.966,79.922,1.082,0.0,0.0,0.194,61.6,64.9,0.849,1.06,9.004
2008,Maryland Eastern Shore,86.084,113.81,0.039,4,32,39.4,53.4,37.8,40.7,22.2,22.6,34.5,39.3,68.9,39.2,51.4,26.6,38.3,7.0,11.7,40.8,60.1,28.4,33.8,68.14,76.05,79.476,1.115,0.0,0.0,0.673,61.7,65.2,0.852,1.086,11.445
2008,NJIT,78.044,108.973,0.021,0,29,40.2,53.7,40.1,45.8,27.9,20.4,30.7,32.9,71.3,39.0,50.7,28.4,40.1,9.1,12.5,50.5,62.3,32.3,31.4,69.393,75.755,78.813,1.074,0.0,0.0,0.172,61.3,68.3,0.784,1.079,8.74
